Region,Date,Frequency,Unemployment_Rate,Employed,Labour_Participation_Rate,Area,Year,Month,Day,Unemployment_Rate_Category,Employment_Growth_Rate,Covid_Period,Unemployment_to_Employment_Ratio,Seasonality
Andhra Pradesh,2019-05-31, Monthly,3.65,11999139.0,43.24,Rural,2019,5,31,Low,0.0,No,0.03788271925272444,Q1
Andhra Pradesh,2019-06-30, Monthly,3.05,11755881.0,42.05,Rural,2019,6,30,Low,-2.027295458449141,No,0.031459515214027844,Q1
Andhra Pradesh,2019-07-31, Monthly,3.75,12086707.0,43.5,Rural,2019,7,31,Low,2.814131922567098,No,0.03896103896103896,Q2
Andhra Pradesh,2019-08-31, Monthly,3.32,12285693.0,43.97,Rural,2019,8,31,Low,1.6463210368216963,No,0.034340091021928004,Q2
Andhra Pradesh,2019-09-30, Monthly,5.17,12256762.0,44.68,Rural,2019,9,30,Medium,-0.23548529171288912,No,0.05451861225350627,Q2
Andhra Pradesh,2019-10-31, Monthly,3.52,12017412.0,43.01,Rural,2019,10,31,Low,-1.9527996056381003,No,0.03648424543946932,Q3
Andhra Pradesh,2019-11-30, Monthly,4.12,11397681.0,41.0,Rural,2019,11,30,Low,-5.156942276756427,No,0.04297037964121819,Q3
Andhra Pradesh,2019-12-31, Monthly,4.38,12528395.0,45.14,Rural,2019,12,31,Low,9.920561910795712,No,0.04580631667015268,Q3
Andhra Pradesh,2020-01-31, Monthly,4.84,12016676.0,43.46,Rural,2020,1,31,Low,-4.084473709521452,No,0.05086170659941152,Q4
Andhra Pradesh,2020-02-29, Monthly,5.91,11723617.0,42.83,Rural,2020,2,29,Medium,-2.438769256989204,No,0.06281220108406844,Q4
Andhra Pradesh,2020-03-31, Monthly,4.06,11359660.0,40.66,Rural,2020,3,31,Low,-3.1044770568673496,No,0.042318115488847195,Q4
Andhra Pradesh,2020-04-30, Monthly,16.29,8792827.0,36.03,Rural,2020,4,30,High,-22.59603720533889,Yes,0.19460040616413807,Q1
Andhra Pradesh,2020-05-31, Monthly,14.46,9526902.0,38.16,Rural,2020,5,31,High,8.348566393948165,Yes,0.16904372223521164,Q1
Andhra Pradesh,2020-06-30, Monthly,0.85,15572975.0,53.76,Rural,2020,6,30,Low,63.46315937751852,Yes,0.008572869389813413,Q1
Andhra Pradesh,2019-05-31,Monthly,6.09,4788661.0,37.45,Urban,2019,5,31,Medium,0.0,No,0.06484932382067937,Q1
Andhra Pradesh,2019-06-30,Monthly,3.8,4824630.0,36.76,Urban,2019,6,30,Low,0.7511285513841948,No,0.039501039501039496,Q1
Andhra Pradesh,2019-07-31,Monthly,5.64,4657443.0,36.1,Urban,2019,7,31,Medium,-3.465281275455323,No,0.059771089444679945,Q2
Andhra Pradesh,2019-08-31,Monthly,4.61,4743179.0,36.29,Urban,2019,8,31,Low,1.8408384171314518,No,0.048327916972428976,Q2
Andhra Pradesh,2019-09-30,Monthly,6.01,4733996.0,36.69,Urban,2019,9,30,Medium,-0.19360433160966473,No,0.0639429726566656,Q2
Andhra Pradesh,2019-10-31,Monthly,4.7,4774377.0,36.41,Urban,2019,10,31,Low,0.8530002982680918,No,0.049317943336831066,Q3
Andhra Pradesh,2019-11-30,Monthly,11.787945945945946,7204460.025675676,42.630121621621626,Urban,2019,11,30,High,50.89843189332714,No,0.13363191768239066,Q3
Andhra Pradesh,2019-11-30,Monthly,7.54,4668772.0,36.62,Urban,2019,11,30,Medium,-35.196087099364036,No,0.08154877784988103,Q3
Andhra Pradesh,2019-12-31,Monthly,7.88,4913963.0,38.61,Urban,2019,12,31,Medium,5.251723579562251,No,0.08554059921841076,Q3
Andhra Pradesh,2020-01-31,Monthly,7.11,4618860.0,35.91,Urban,2020,1,31,Medium,-6.005397273036039,No,0.07654214662504037,Q4
Andhra Pradesh,2020-02-29,Monthly,5.66,4822035.0,36.84,Urban,2020,2,29,Medium,4.398812694041387,No,0.05999576001695993,Q4
Andhra Pradesh,2020-03-31,Monthly,9.88,4521537.0,36.08,Urban,2020,3,31,Medium,-6.23176729326933,No,0.10963160230803373,Q4
Andhra Pradesh,2020-04-30,Monthly,32.3,2544084.0,26.97,Urban,2020,4,30,Very High,-43.7340886517129,Yes,0.4771048744460856,Q1
Andhra Pradesh,2020-05-31,Monthly,24.91,3428356.0,32.69,Urban,2020,5,31,High,34.757971827974245,Yes,0.3317352510320948,Q1
Andhra Pradesh,2020-06-30,Monthly,5.86,4954389.0,37.61,Urban,2020,6,30,Medium,44.512092676489836,Yes,0.06224771616741024,Q1
Assam,2019-05-31, Monthly,4.29,11749334.0,57.39,Rural,2019,5,31,Low,0.0,No,0.0448229025180232,Q1
Assam,2019-06-30, Monthly,5.08,8923222.0,43.87,Rural,2019,6,30,Medium,-24.05338038734791,No,0.05351875263379688,Q1
Assam,2019-07-31, Monthly,4.26,9911534.0,48.21,Rural,2019,7,31,Low,11.075730268730277,No,0.04449550866931272,Q2
Assam,2019-08-31, Monthly,5.79,9292039.0,45.83,Rural,2019,8,31,Medium,-6.250243403291556,No,0.06145844390192125,Q2
Assam,2019-09-30, Monthly,4.46,11468349.0,55.67,Rural,2019,9,30,Low,23.421231873865356,No,0.0466820180029307,Q2
Assam,2019-10-31, Monthly,4.65,8395906.0,40.76,Rural,2019,10,31,Low,-26.79063045604908,No,0.048767697954902996,Q3
Assam,2019-11-30, Monthly,4.66,9625362.0,46.64,Rural,2019,11,30,Low,14.643517924092997,No,0.04887770086007971,Q3
Assam,2020-01-31, Monthly,4.29,11420996.0,54.9,Rural,2020,1,31,Low,18.655236031642232,No,0.0448229025180232,Q4
Assam,2020-02-29, Monthly,3.26,8462814.0,40.17,Rural,2020,2,29,Low,-25.901261150953914,No,0.033698573495968574,Q4
Assam,2020-03-31, Monthly,3.77,9878742.0,47.05,Rural,2020,3,31,Low,16.731172397266448,No,0.03917697183830406,Q4
Assam,2020-05-31, Monthly,9.38,9926176.0,50.0,Rural,2020,5,31,Medium,0.48016235265584406,Yes,0.10350915912602075,Q1
Assam,2020-06-30, Monthly,0.0,7544937.0,34.38,Rural,2020,6,30,Low,-23.989490011057633,Yes,0.0,Q1
Assam,2019-05-31,Monthly,7.87,1671707.0,44.92,Urban,2019,5,31,Medium,0.0,No,0.08542277216976013,Q1
Assam,2019-06-30,Monthly,9.89,1647342.0,45.17,Urban,2019,6,30,Medium,-1.4574922519317135,No,0.10975474420153147,Q1
Assam,2019-07-31,Monthly,3.21,1739838.0,44.32,Urban,2019,7,31,Low,5.614863216017074,No,0.03316458311809071,Q2
Assam,2019-08-31,Monthly,10.39,1595582.0,43.81,Urban,2019,8,31,High,-8.291346665609101,No,0.11594688092846782,Q2
Assam,2019-09-30,Monthly,9.26,1576480.0,42.66,Urban,2019,9,30,Medium,-1.1971807152499792,No,0.10204981265153185,Q2
Assam,2019-10-31,Monthly,11.17,1595176.0,44.01,Urban,2019,10,31,High,1.1859332183091542,No,0.12574580659687043,Q3
Assam,2019-11-30,Monthly,6.31,1708045.0,44.59,Urban,2019,11,30,Medium,7.075645571397771,No,0.06734977051979933,Q3
Assam,2019-12-31,Monthly,5.02,1722303.0,44.26,Urban,2019,12,31,Medium,0.8347555245909799,No,0.05285323225942303,Q3
Assam,2020-01-31,Monthly,7.24,1630908.0,42.82,Urban,2020,1,31,Medium,-5.306557556945557,No,0.07805088400172489,Q4
Assam,2020-02-29,Monthly,9.98,1625454.0,43.9,Urban,2020,2,29,Medium,-0.33441493940798983,No,0.11086425238835815,Q4
Assam,2020-03-31,Monthly,10.34,1664145.0,45.03,Urban,2020,3,31,High,2.3803195907112773,No,0.11532455944679902,Q4
Assam,2020-04-30,Monthly,8.37,1454956.0,38.45,Urban,2020,4,30,Medium,-12.57035895309604,Yes,0.09134562916075521,Q1
Assam,2020-05-31,Monthly,10.77,1441722.0,39.04,Urban,2020,5,31,High,-0.9095807708274339,Yes,0.120699316373417,Q1
Assam,2020-06-30,Monthly,3.42,1551007.0,38.73,Urban,2020,6,30,Low,7.580171489371734,Yes,0.03541105819010147,Q1
Bihar,2019-05-31, Monthly,9.27,24322330.0,39.75,Rural,2019,5,31,Medium,0.0,No,0.10217127741651051,Q1
Bihar,2019-06-30, Monthly,10.2,24097712.0,39.71,Rural,2019,6,30,High,-0.9235052727267545,No,0.11358574610244988,Q1
Bihar,2019-07-31, Monthly,13.44,23248875.0,39.66,Rural,2019,7,31,High,-3.5224796445405326,No,0.15526802218114602,Q2
Bihar,2019-08-31, Monthly,11.0,22260203.0,36.85,Rural,2019,8,31,High,-4.252558457129652,No,0.12359550561797752,Q2
Bihar,2019-09-30, Monthly,8.87,23905700.0,38.57,Rural,2019,9,30,Medium,7.3921023990661805,No,0.09733347964446395,Q2
Bihar,2019-10-31, Monthly,12.47,24053140.0,40.31,Rural,2019,10,31,High,0.6167566730947094,No,0.14246544042042728,Q3
Bihar,2019-11-30, Monthly,12.4,22445989.0,37.51,Rural,2019,11,30,High,-6.681668173053501,No,0.14155251141552513,Q3
Bihar,2019-12-31, Monthly,10.16,22914530.0,37.25,Rural,2019,12,31,High,2.0874152615863784,No,0.11308993766696349,Q3
Bihar,2020-01-31, Monthly,9.13,23409006.0,37.54,Rural,2020,1,31,Medium,2.1579146506605307,No,0.10047320347749533,Q4
Bihar,2020-02-29, Monthly,9.61,23168192.0,37.28,Rural,2020,2,29,Medium,-1.0287237313707398,No,0.10631707047239738,Q4
Bihar,2020-03-31, Monthly,15.39,22667882.0,38.88,Rural,2020,3,31,High,-2.159469327602259,No,0.18189339321593193,Q4
Bihar,2020-04-30, Monthly,45.09,14645275.0,38.63,Rural,2020,4,30,Very High,-35.39195677831744,Yes,0.821161901293025,Q1
Bihar,2020-05-31, Monthly,47.26,14050319.0,38.5,Rural,2020,5,31,Very High,-4.062443347769163,Yes,0.8960940462646947,Q1
Bihar,2020-06-30, Monthly,20.49,20622566.0,37.4,Rural,2020,6,30,High,46.77649667598294,Yes,0.2577034335303735,Q1
Bihar,2019-05-31,Monthly,19.9,3029344.0,39.8,Urban,2019,5,31,High,0.0,No,0.2484394506866417,Q1
Bihar,2019-06-30,Monthly,13.29,3248864.0,39.35,Urban,2019,6,30,High,7.246453357558602,No,0.15326951908661052,Q1
Bihar,2019-07-31,Monthly,16.41,3059744.0,38.36,Urban,2019,7,31,High,-5.821111625478936,No,0.19631534872592415,Q2
Bihar,2019-08-31,Monthly,17.66,2994763.0,38.03,Urban,2019,8,31,High,-2.1237397638495192,No,0.21447656060238038,Q2
Bihar,2019-09-30,Monthly,20.46,2992082.0,39.25,Urban,2019,9,30,High,-0.08952294388571147,No,0.2572290671360322,Q2
Bihar,2019-10-31,Monthly,14.06,3173429.0,38.45,Urban,2019,10,31,High,6.060896726760823,No,0.16360251338142892,Q3
Bihar,2019-11-30,Monthly,17.62,3081077.0,38.86,Urban,2019,11,30,High,-2.910164367943946,No,0.21388686574411267,Q3
Bihar,2019-12-31,Monthly,14.91,2977857.0,36.29,Urban,2019,12,31,High,-3.350127244466794,No,0.17522623104947702,Q3
Bihar,2020-01-31,Monthly,20.69,2988665.0,38.99,Urban,2020,1,31,High,0.3629455679033722,No,0.2608750472828143,Q4
Bihar,2020-02-29,Monthly,15.11,3113464.0,37.87,Urban,2020,2,29,High,4.175744019486971,No,0.17799505242077981,Q4
Bihar,2020-03-31,Monthly,15.73,3049637.0,37.29,Urban,2020,3,31,High,-2.0500317331435314,No,0.1866619200189866,Q4
Bihar,2020-04-30,Monthly,58.77,1400962.0,34.94,Urban,2020,4,30,Very High,-54.06135221995274,Yes,1.425418384671356,Q1
Bihar,2020-05-31,Monthly,37.87,2207026.0,36.45,Urban,2020,5,31,Very High,57.53646422957939,Yes,0.6095284081764043,Q1
Bihar,2020-06-30,Monthly,12.45,3124663.0,36.54,Urban,2020,6,30,High,41.57798775365582,Yes,0.14220445459737294,Q1
Chandigarh,2019-05-31,Monthly,18.35,348042.0,44.89,Urban,2019,5,31,High,0.0,No,0.224739742804654,Q1
Chandigarh,2019-06-30,Monthly,12.4,337145.0,40.44,Urban,2019,6,30,High,-3.130943966532773,No,0.14155251141552513,Q1
Chandigarh,2019-07-31,Monthly,21.8,294379.0,39.47,Urban,2019,7,31,High,-12.684749885064296,No,0.27877237851662406,Q2
Chandigarh,2019-08-31,Monthly,9.52,328282.0,37.95,Urban,2019,8,31,Medium,11.516786183797079,No,0.10521662245800176,Q2
Chandigarh,2019-09-30,Monthly,20.14,327239.0,42.77,Urban,2019,9,30,High,-0.31771464777233804,No,0.25219133483596295,Q2
Chandigarh,2019-10-31,Monthly,13.99,330856.0,40.06,Urban,2019,10,31,High,1.1053083526107788,No,0.162655505173817,Q3
Chandigarh,2019-11-30,Monthly,22.05,289593.0,38.6,Urban,2019,11,30,High,-12.471588848320724,No,0.28287363694676076,Q3
Chandigarh,2019-12-31,Monthly,8.33,311146.0,35.19,Urban,2019,12,31,Medium,7.442514149167967,No,0.09086942293007527,Q3
Chandigarh,2020-01-31,Monthly,20.0,332062.0,42.94,Urban,2020,1,31,High,6.722246148110522,No,0.25,Q4
Chandigarh,2020-02-29,Monthly,16.67,316887.0,39.25,Urban,2020,2,29,High,-4.569929711921272,No,0.20004800192007682,Q4
Chandigarh,2020-03-31,Monthly,21.43,279839.0,36.68,Urban,2020,3,31,High,-11.691233783651588,No,0.27275041364388447,Q4
Chandigarh,2020-06-30,Monthly,7.22,306505.0,33.8,Urban,2020,6,30,Medium,9.529050632685232,Yes,0.07781849536538046,Q1
Chhattisgarh,2019-05-31, Monthly,9.82,6259019.0,42.89,Rural,2019,5,31,Medium,0.0,No,0.10889332446218673,Q1
Chhattisgarh,2019-06-30, Monthly,6.76,6608626.0,43.71,Rural,2019,6,30,Medium,5.585651681197956,No,0.0725010725010725,Q1
Chhattisgarh,2019-07-31, Monthly,4.54,6753622.0,43.53,Rural,2019,7,31,Low,2.1940415450957484,No,0.047559187094070816,Q2
Chhattisgarh,2019-08-31, Monthly,4.64,6607694.0,42.55,Rural,2019,8,31,Low,-2.1607368609021904,No,0.04865771812080537,Q2
Chhattisgarh,2019-09-30, Monthly,8.33,6490776.0,43.38,Rural,2019,9,30,Medium,-1.769422131230658,No,0.09086942293007527,Q2
Chhattisgarh,2019-10-31, Monthly,6.96,7043840.0,46.28,Rural,2019,10,31,Medium,8.520768549091828,No,0.07480653482373173,Q3
Chhattisgarh,2019-11-30, Monthly,2.77,6942931.0,43.56,Rural,2019,11,30,Low,-1.4325850672360585,No,0.02848914943947341,Q3
Chhattisgarh,2019-12-31, Monthly,6.11,6569385.0,42.59,Rural,2019,12,31,Medium,-5.380234946883389,No,0.06507615294493557,Q3
Chhattisgarh,2020-01-31, Monthly,9.89,6236201.0,42.03,Rural,2020,1,31,Medium,-5.0717685140998725,No,0.10975474420153147,Q4
Chhattisgarh,2020-02-29, Monthly,7.89,6847173.0,45.05,Rural,2020,2,29,Medium,9.797182611657318,No,0.08565845185104766,Q4
Chhattisgarh,2020-03-31, Monthly,7.31,6894808.0,44.98,Rural,2020,3,31,Medium,0.6956885710350802,No,0.07886503398424857,Q4
Chhattisgarh,2020-04-30, Monthly,0.0,6534321.0,39.43,Rural,2020,4,30,Low,-5.228383444470097,Yes,0.0,Q1
Chhattisgarh,2020-05-31, Monthly,7.64,5454091.0,35.56,Rural,2020,5,31,Medium,-16.531633508669074,Yes,0.08271979211779991,Q1
Chhattisgarh,2020-06-30, Monthly,10.14,5781095.0,38.66,Rural,2020,6,30,High,5.9955728644791595,Yes,0.11284219897618518,Q1
Chhattisgarh,2019-05-31,Monthly,9.77,2223129.0,45.61,Urban,2019,5,31,Medium,0.0,No,0.10827884295688794,Q1
Chhattisgarh,2019-06-30,Monthly,11.77,2192020.0,45.88,Urban,2019,6,30,High,-1.399334001760577,No,0.13340133741357812,Q1
Chhattisgarh,2019-07-31,Monthly,8.17,2285436.0,45.85,Urban,2019,7,31,Medium,4.261639948540608,No,0.08896874659697267,Q2
Chhattisgarh,2019-08-31,Monthly,6.29,2392400.0,46.91,Urban,2019,8,31,Medium,4.6802448198068225,No,0.06712197204140434,Q2
Chhattisgarh,2019-09-30,Monthly,9.46,2311507.0,46.8,Urban,2019,9,30,Medium,-3.381248955024241,No,0.104484205875856,Q2
Chhattisgarh,2019-10-31,Monthly,10.27,2297096.0,46.82,Urban,2019,10,31,High,-0.6234460894991911,No,0.11445447453471524,Q3
Chhattisgarh,2019-11-30,Monthly,8.32,2341284.0,46.59,Urban,2019,11,30,Medium,1.9236462037285351,No,0.09075043630017451,Q3
Chhattisgarh,2019-12-31,Monthly,3.57,2415436.0,45.59,Urban,2019,12,31,Low,3.1671510162799565,No,0.03702167375298143,Q3
Chhattisgarh,2020-01-31,Monthly,9.01,2315972.0,46.21,Urban,2020,1,31,Medium,-4.117848703091287,No,0.09902187053522366,Q4
Chhattisgarh,2020-02-29,Monthly,9.79,2347941.0,47.14,Urban,2020,2,29,Medium,1.3803707471420124,No,0.10852455381886707,Q4
Chhattisgarh,2020-03-31,Monthly,8.21,2407509.0,47.39,Urban,2020,3,31,Medium,2.5370313819640167,No,0.08944329447652251,Q4
Chhattisgarh,2020-04-30,Monthly,20.13,1066126.0,24.06,Urban,2020,4,30,High,-55.71663491185288,Yes,0.2520345561537498,Q1
Chhattisgarh,2020-05-31,Monthly,24.1,1276291.0,30.24,Urban,2020,5,31,High,19.712960756983698,Yes,0.31752305665349145,Q1
Chhattisgarh,2020-06-30,Monthly,27.07,1602231.0,39.41,Urban,2020,6,30,Very High,25.53806302794581,Yes,0.37117784176607704,Q1
Delhi,2019-05-31, Monthly,12.56,169487.0,42.33,Rural,2019,5,31,High,0.0,No,0.14364135407136322,Q1
Delhi,2019-06-30, Monthly,9.33,149076.0,35.74,Rural,2019,6,30,Medium,-12.042811543068199,No,0.10290062865335833,Q1
Delhi,2019-07-31, Monthly,11.07,166605.0,40.53,Rural,2019,7,31,High,11.758431940755054,No,0.1244799280332846,Q2
Delhi,2019-08-31, Monthly,17.18,135407.0,35.21,Rural,2019,8,31,High,-18.72572851955223,No,0.20743781695242697,Q2
Delhi,2019-09-30, Monthly,12.5,166056.0,40.68,Rural,2019,9,30,High,22.63472346333646,No,0.14285714285714285,Q2
Delhi,2019-10-31, Monthly,15.84,149511.0,37.9,Rural,2019,10,31,High,-9.963506287035695,No,0.188212927756654,Q3
Delhi,2019-11-30, Monthly,11.11,178768.0,42.71,Rural,2019,11,30,High,19.568459845763854,No,0.12498593767577905,Q3
Delhi,2019-12-31, Monthly,16.97,145671.0,37.08,Rural,2019,12,31,High,-18.51393985500761,No,0.20438395760568467,Q3
Delhi,2020-01-31, Monthly,13.48,157791.0,38.36,Rural,2020,1,31,High,8.320118623473437,No,0.1558021266759131,Q4
Delhi,2020-02-29, Monthly,13.81,147500.0,35.84,Rural,2020,2,29,High,-6.521918233612823,No,0.16022740457129597,Q4
Delhi,2020-03-31, Monthly,15.18,152413.0,37.45,Rural,2020,3,31,High,3.3308474576271285,No,0.17896722471115303,Q4
Delhi,2020-04-30, Monthly,20.69,115487.0,30.21,Rural,2020,4,30,High,-24.227592134529207,Yes,0.2608750472828143,Q1
Delhi,2020-05-31, Monthly,22.76,129610.0,34.65,Rural,2020,5,31,High,12.229082061184382,Yes,0.2946659761781461,Q1
Delhi,2020-06-30, Monthly,21.14,112108.0,29.22,Rural,2020,6,30,High,-13.503587686135333,Yes,0.26806999746386,Q1
Delhi,2019-05-31,Monthly,12.31,5756475.0,44.17,Urban,2019,5,31,High,0.0,No,0.14038088721633027,Q1
Delhi,2019-06-30,Monthly,12.76,5550172.0,42.71,Urban,2019,6,30,High,-3.583842542528193,No,0.1462631820265933,Q1
Delhi,2019-07-31,Monthly,14.68,5393091.0,42.34,Urban,2019,7,31,High,-2.8302005775676875,No,0.17205813408345055,Q2
Delhi,2019-08-31,Monthly,13.52,5552510.0,42.9,Urban,2019,8,31,High,2.9559857232151376,No,0.15633672525439407,Q2
Delhi,2019-09-30,Monthly,20.59,5642253.0,47.36,Urban,2019,9,30,High,1.616260033750505,No,0.2592872434202242,Q2
Delhi,2019-10-31,Monthly,12.41,6030363.0,45.78,Urban,2019,10,31,High,6.878635183498516,No,0.1416828405069072,Q3
Delhi,2019-11-30,Monthly,16.11,5439600.0,43.02,Urban,2019,11,30,High,-9.796474938573352,No,0.19203719156037669,Q3
Delhi,2019-12-31,Monthly,11.07,5718337.0,42.56,Urban,2019,12,31,High,5.12421869255093,No,0.1244799280332846,Q3
Delhi,2020-01-31,Monthly,22.45,5647493.0,48.09,Urban,2020,1,31,High,-1.238891656787633,No,0.28949065119277884,Q4
Delhi,2020-02-29,Monthly,14.86,5708807.0,44.18,Urban,2020,2,29,High,1.0856852766351288,No,0.17453605825698848,Q4
Delhi,2020-03-31,Monthly,17.09,5401392.0,42.82,Urban,2020,3,31,High,-5.38492543188095,No,0.20612712579905923,Q4
Delhi,2020-04-30,Monthly,16.51,3003787.0,23.59,Urban,2020,4,30,High,-44.38865018498935,Yes,0.19774823332135588,Q1
Delhi,2020-05-31,Monthly,45.78,2343783.0,28.28,Urban,2020,5,31,Very High,-21.972396844383436,Yes,0.8443378827001107,Q1
Delhi,2020-06-30,Monthly,18.11,4306807.0,34.32,Urban,2020,6,30,High,83.75451140314611,Yes,0.22115032360483575,Q1
Goa,2019-05-31, Monthly,2.91,179340.0,39.16,Rural,2019,5,31,Low,0.0,No,0.02997219075084973,Q1
Goa,2019-06-30, Monthly,5.45,170471.0,38.19,Rural,2019,6,30,Medium,-4.945355191256828,No,0.05764145954521418,Q1
Goa,2019-07-31, Monthly,10.98,167437.0,39.81,Rural,2019,7,31,High,-1.7797748590669404,No,0.12334306897326444,Q2
Goa,2019-08-31, Monthly,1.98,183603.0,39.61,Rural,2019,8,31,Low,9.654974706904685,No,0.020199959192001633,Q2
Goa,2019-09-30, Monthly,3.61,163215.0,35.78,Rural,2019,9,30,Low,-11.104393719056882,No,0.037452017844174706,Q2
Goa,2019-10-31, Monthly,7.21,177440.0,40.36,Rural,2019,10,31,Medium,8.715497962809792,No,0.07770233861407479,Q3
Goa,2019-11-30, Monthly,23.71,159489.0,44.09,Rural,2019,11,30,High,-10.11665915238954,No,0.31078778345785824,Q3
Goa,2019-12-31, Monthly,3.54,177155.0,38.7,Rural,2019,12,31,Low,11.076625974205111,No,0.03669914990669708,Q3
Goa,2020-01-31, Monthly,5.38,158936.0,35.36,Rural,2020,1,31,Medium,-10.284214388529822,No,0.05685901500739801,Q4
Goa,2020-02-29, Monthly,0.0,171672.0,36.11,Rural,2020,2,29,Low,8.013288367644833,No,0.0,Q4
Goa,2020-04-30, Monthly,15.91,181657.0,45.36,Rural,2020,4,30,High,5.816324153036012,Yes,0.18920204542751812,Q1
Goa,2020-05-31, Monthly,20.0,128538.0,33.71,Rural,2020,5,31,High,-29.2413724767006,Yes,0.25,Q1
Goa,2019-05-31,Monthly,2.75,264855.0,34.17,Urban,2019,5,31,Low,0.0,No,0.028277634961439587,Q1
Goa,2019-06-30,Monthly,13.33,304015.0,43.96,Urban,2019,6,30,High,14.785448641709609,No,0.15380177685473637,Q1
Goa,2019-07-31,Monthly,12.28,280367.0,40.0,Urban,2019,7,31,High,-7.7785635577191865,No,0.1399908800729594,Q2
Goa,2019-08-31,Monthly,4.9,243277.0,31.97,Urban,2019,8,31,Low,-13.22908901546901,No,0.05152471083070453,Q2
Goa,2019-09-30,Monthly,3.16,309643.0,39.92,Urban,2019,9,30,Low,27.280014140259865,No,0.032631144155307726,Q2
Goa,2019-10-31,Monthly,12.31,290264.0,41.27,Urban,2019,10,31,High,-6.258497689274423,No,0.14038088721633027,Q3
Goa,2019-11-30,Monthly,25.2,271612.0,45.22,Urban,2019,11,30,Very High,-6.42587437642973,No,0.33689839572192515,Q3
Goa,2019-12-31,Monthly,16.22,288154.0,42.77,Urban,2019,12,31,High,6.090305288426134,No,0.1936022917164001,Q3
Goa,2020-01-31,Monthly,10.92,257814.0,35.95,Urban,2020,1,31,High,-10.529092082705771,No,0.122586439155815,Q4
Goa,2020-02-29,Monthly,4.31,306396.0,39.73,Urban,2020,2,29,Low,18.84381763597012,No,0.04504127913052565,Q4
Goa,2020-03-31,Monthly,4.76,277093.0,36.05,Urban,2020,3,31,Low,-9.563767151007196,No,0.0499790004199916,Q4
Goa,2020-04-30,Monthly,11.76,318957.0,44.74,Urban,2020,4,30,High,15.108284944044058,Yes,0.1332728921124207,Q1
Gujarat,2019-05-31, Monthly,2.88,13954728.0,52.03,Rural,2019,5,31,Low,0.0,No,0.029654036243822072,Q1
Gujarat,2019-06-30, Monthly,4.77,13199281.0,50.12,Rural,2019,6,30,Low,-5.4135558930278,No,0.05008925758689488,Q1
Gujarat,2019-07-31, Monthly,4.58,14327083.0,54.21,Rural,2019,7,31,Low,8.544419957420413,No,0.04799832320268287,Q2
Gujarat,2019-08-31, Monthly,3.7,13507342.0,50.57,Rural,2019,8,31,Low,-5.721618280566954,No,0.03842159916926272,Q2
Gujarat,2019-09-30, Monthly,6.29,13280783.0,51.01,Rural,2019,9,30,Medium,-1.677302610683884,No,0.06712197204140434,Q2
Gujarat,2019-10-31, Monthly,4.91,13828512.0,52.27,Rural,2019,10,31,Low,4.124222193826976,No,0.05163529288042907,Q3
Gujarat,2019-11-30, Monthly,4.68,14487815.0,54.55,Rural,2019,11,30,Low,4.767707472792448,No,0.049097775912715066,Q3
Gujarat,2019-12-31, Monthly,3.46,13877825.0,51.51,Rural,2019,12,31,Low,-4.2103657452831955,No,0.03584006629376424,Q3
Gujarat,2020-01-31, Monthly,5.35,14301844.0,54.07,Rural,2020,1,31,Medium,3.0553707083062376,No,0.05652403592181721,Q4
Gujarat,2020-02-29, Monthly,6.64,13973042.0,53.48,Rural,2020,2,29,Medium,-2.29901822450308,No,0.07112253641816624,Q4
Gujarat,2020-03-31, Monthly,7.59,13483615.0,52.06,Rural,2020,3,31,Medium,-3.5026517489892273,No,0.08213396818526134,Q4
Gujarat,2020-04-30, Monthly,12.0,8587594.0,34.77,Rural,2020,4,30,High,-36.31089288740446,Yes,0.13636363636363635,Q1
Gujarat,2020-05-31, Monthly,14.58,11121124.0,46.31,Rural,2020,5,31,High,29.502209815694602,Yes,0.1706860220088972,Q1
Gujarat,2020-06-30, Monthly,1.41,13243922.0,47.72,Rural,2020,6,30,Low,19.087980675334613,Yes,0.014301653311694897,Q1
Gujarat,2019-05-31,Monthly,4.09,9686558.0,41.67,Urban,2019,5,31,Low,0.0,No,0.04264414555312272,Q1
Gujarat,2019-06-30,Monthly,6.31,10144965.0,44.57,Urban,2019,6,30,Medium,4.7324033986066105,No,0.06734977051979933,Q1
Gujarat,2019-07-31,Monthly,5.15,9828023.0,42.54,Urban,2019,7,31,Medium,-3.1241310344589657,No,0.054296257248286774,Q2
Gujarat,2019-08-31,Monthly,4.2,10228154.0,43.72,Urban,2019,8,31,Low,4.071327468403352,No,0.04384133611691023,Q2
Gujarat,2019-09-30,Monthly,5.96,9609939.0,41.75,Urban,2019,9,30,Medium,-6.044248062749158,No,0.06337728626116546,Q2
Gujarat,2019-10-31,Monthly,5.45,10474217.0,45.14,Urban,2019,10,31,Medium,8.993584662712228,No,0.05764145954521418,Q3
Gujarat,2019-11-30,Monthly,7.53,9896129.0,43.5,Urban,2019,11,30,Medium,-5.519152410151518,No,0.0814318157240186,Q3
Gujarat,2019-12-31,Monthly,5.71,10172812.0,43.75,Urban,2019,12,31,Medium,2.79587099157661,No,0.060557853430904654,Q3
Gujarat,2020-01-31,Monthly,5.82,9824501.0,42.19,Urban,2020,1,31,Medium,-3.4239402045373457,No,0.06179655977914631,Q4
Gujarat,2020-02-29,Monthly,6.04,10784753.0,46.31,Urban,2020,2,29,Medium,9.774053664404935,No,0.06428267347807579,Q4
Gujarat,2020-03-31,Monthly,5.39,10083026.0,42.9,Urban,2020,3,31,Medium,-6.506658056980996,No,0.05697072191100306,Q4
Gujarat,2020-04-30,Monthly,25.94,6701284.0,36.33,Urban,2020,4,30,Very High,-33.53895943539171,Yes,0.35025654874426143,Q1
Gujarat,2020-05-31,Monthly,11.62,6072776.0,27.52,Urban,2020,5,31,High,-9.37891902507042,Yes,0.13147770988911517,Q1
Gujarat,2020-06-30,Monthly,4.54,10574711.0,44.26,Urban,2020,6,30,Low,74.13306533947572,Yes,0.047559187094070816,Q1
Haryana,2019-05-31, Monthly,14.54,5249186.0,45.12,Rural,2019,5,31,High,0.0,No,0.17013807629300254,Q1
Haryana,2019-06-30, Monthly,23.08,4745178.0,45.23,Rural,2019,6,30,High,-9.601641092542735,No,0.3000520020800832,Q1
Haryana,2019-07-31, Monthly,16.22,4826560.0,42.17,Rural,2019,7,31,High,1.7150463059552257,No,0.1936022917164001,Q2
Haryana,2019-08-31, Monthly,30.94,4558306.0,48.23,Rural,2019,8,31,Very High,-5.557871444672813,No,0.44801621778163914,Q2
Haryana,2019-09-30, Monthly,16.36,5127956.0,44.72,Rural,2019,9,30,High,12.496967075049369,No,0.1956001912960306,Q2
Haryana,2019-10-31, Monthly,24.17,4798833.0,46.07,Rural,2019,10,31,High,-6.418210296656213,No,0.3187392852433074,Q3
Haryana,2019-11-30, Monthly,16.59,4875763.0,42.48,Rural,2019,11,30,High,1.6030980865556321,No,0.1988970147464333,Q3
Haryana,2019-12-31, Monthly,29.56,4603484.0,47.4,Rural,2019,12,31,Very High,-5.5843362361952416,No,0.4196479273140261,Q3
Haryana,2020-01-31, Monthly,16.21,5062293.0,43.74,Rural,2020,1,31,High,9.966560109690835,No,0.19345984007638145,Q4
Haryana,2020-02-29, Monthly,27.19,4570108.0,45.37,Rural,2020,2,29,Very High,-9.722570384606344,No,0.3734377145996429,Q4
Haryana,2020-03-31, Monthly,23.92,4366148.0,41.4,Rural,2020,3,31,High,-4.462914224346559,No,0.3144058885383807,Q4
Haryana,2020-04-30, Monthly,41.61,4041050.0,49.85,Rural,2020,4,30,Very High,-7.445876777424864,Yes,0.7126220243192327,Q1
Haryana,2020-05-31, Monthly,34.22,3914193.0,42.78,Rural,2020,5,31,Very High,-3.1392088689820685,Yes,0.5202189115232593,Q1
Haryana,2020-06-30, Monthly,35.57,4357835.0,48.53,Rural,2020,6,30,Very High,11.334188171099392,Yes,0.5520720161415489,Q1
Haryana,2019-05-31,Monthly,24.67,2693596.0,43.18,Urban,2019,5,31,High,0.0,No,0.3274923669188902,Q1
Haryana,2019-06-30,Monthly,20.42,2845190.0,43.06,Urban,2019,6,30,High,5.627941235433975,No,0.2565971349585323,Q1
Haryana,2019-07-31,Monthly,25.45,2405973.0,38.77,Urban,2019,7,31,Very High,-15.437176427584799,No,0.3413816230717639,Q2
Haryana,2019-08-31,Monthly,24.19,2523005.0,39.87,Urban,2019,8,31,High,4.864227487174633,No,0.31908719166336896,Q2
Haryana,2019-09-30,Monthly,26.84,2675862.0,43.7,Urban,2019,9,30,Very High,6.058529412347569,No,0.36686714051394204,Q2
Haryana,2019-10-31,Monthly,21.04,2821456.0,42.58,Urban,2019,10,31,High,5.441013026830244,No,0.2664640324214792,Q3
Haryana,2019-11-30,Monthly,27.06,2404239.0,39.18,Urban,2019,11,30,Very High,-14.787294219722014,No,0.3709898546750754,Q3
Haryana,2019-12-31,Monthly,23.65,2548835.0,39.57,Urban,2019,12,31,High,6.014210733625069,No,0.3097576948264571,Q3
Haryana,2020-01-31,Monthly,27.24,2630938.0,42.75,Urban,2020,1,31,Very High,3.2211971351617574,No,0.37438152831225946,Q4
Haryana,2020-02-29,Monthly,23.29,2752834.0,42.32,Urban,2020,2,29,High,4.633176456457733,No,0.30361100247686085,Q4
Haryana,2020-03-31,Monthly,27.14,2275407.0,36.73,Urban,2020,3,31,Very High,-17.343108956079444,No,0.3724951962668131,Q4
Haryana,2020-04-30,Monthly,46.89,1606580.0,35.48,Urban,2020,4,30,Very High,-29.39373044031244,Yes,0.8828845791752966,Q1
Haryana,2020-05-31,Monthly,38.46,2013083.0,38.27,Urban,2020,5,31,Very High,25.302381456261138,Yes,0.6249593760155996,Q1
Haryana,2020-06-30,Monthly,29.41,2304138.0,38.09,Urban,2020,6,30,Very High,14.45817186872076,Yes,0.4166312508853945,Q1
Himachal Pradesh,2019-05-31, Monthly,13.68,2045760.0,44.23,Rural,2019,5,31,High,0.0,No,0.15848007414272475,Q1
Himachal Pradesh,2019-06-30, Monthly,11.43,1957081.0,41.18,Rural,2019,6,30,High,-4.334770452056935,No,0.12905046855594446,Q1
Himachal Pradesh,2019-07-31, Monthly,20.59,1916824.0,44.91,Rural,2019,7,31,High,-2.056992020258741,No,0.2592872434202242,Q2
Himachal Pradesh,2019-08-31, Monthly,18.56,1969248.0,44.91,Rural,2019,8,31,High,2.7349407144317883,No,0.22789783889980353,Q2
Himachal Pradesh,2019-09-30, Monthly,15.98,2039804.0,45.02,Rural,2019,9,30,High,3.5828905247079046,No,0.19019281123542014,Q2
Himachal Pradesh,2019-10-31, Monthly,15.81,1946957.0,42.81,Rural,2019,10,31,High,-4.551760855454745,No,0.187789523696401,Q3
Himachal Pradesh,2019-11-30, Monthly,22.86,2024409.0,48.5,Rural,2019,11,30,High,3.9781053202510464,No,0.29634430904848325,Q3
Himachal Pradesh,2019-12-31, Monthly,19.46,1922821.0,44.05,Rural,2019,12,31,High,-5.0181559161216915,No,0.24161907126893473,Q3
Himachal Pradesh,2020-01-31, Monthly,16.67,2041035.0,45.11,Rural,2020,1,31,High,6.147946168676133,No,0.20004800192007682,Q4
Himachal Pradesh,2020-02-29, Monthly,15.42,1952464.0,42.45,Rural,2020,2,29,High,-4.3395140210726435,No,0.1823126034523528,Q4
Himachal Pradesh,2020-03-31, Monthly,17.71,1800426.0,40.17,Rural,2020,3,31,High,-7.786980963541456,No,0.21521448535666549,Q4
Himachal Pradesh,2020-04-30, Monthly,2.13,984171.0,18.43,Rural,2020,4,30,Low,-45.33677029769622,Yes,0.021763563911310922,Q1
Himachal Pradesh,2020-05-31, Monthly,25.64,1732050.0,42.62,Rural,2020,5,31,Very High,75.99075770369174,Yes,0.34480903711672944,Q1
Himachal Pradesh,2020-06-30, Monthly,1.12,2230075.0,41.2,Rural,2020,6,30,Low,28.753500187638913,Yes,0.011326860841423949,Q1
Himachal Pradesh,2019-05-31,Monthly,10.88,245668.0,45.27,Urban,2019,5,31,High,0.0,No,0.12208258527827648,Q1
Himachal Pradesh,2019-06-30,Monthly,21.43,237576.0,49.58,Urban,2019,6,30,High,-3.2938762883240824,No,0.27275041364388447,Q1
Himachal Pradesh,2019-07-31,Monthly,21.51,235894.0,49.22,Urban,2019,7,31,High,-0.7079839714449254,No,0.2740476493820869,Q2
Himachal Pradesh,2019-08-31,Monthly,24.48,236315.0,51.17,Urban,2019,8,31,High,0.1784699907585674,No,0.3241525423728814,Q2
Himachal Pradesh,2019-09-30,Monthly,12.0,247210.0,45.87,Urban,2019,9,30,High,4.610371749571551,No,0.13636363636363635,Q2
Himachal Pradesh,2019-10-31,Monthly,23.77,232322.0,49.69,Urban,2019,10,31,High,-6.022410096678932,No,0.3118194936376754,Q3
Himachal Pradesh,2019-11-30,Monthly,27.27,233029.0,52.17,Urban,2019,11,30,Very High,0.30431900551819435,No,0.37494843943352124,Q3
Himachal Pradesh,2019-12-31,Monthly,25.32,241366.0,52.55,Urban,2019,12,31,Very High,3.577666299044324,No,0.33904659882163896,Q3
Himachal Pradesh,2020-01-31,Monthly,18.15,246596.0,48.92,Urban,2020,1,31,High,2.1668337711193697,No,0.2217470983506414,Q4
Himachal Pradesh,2020-02-29,Monthly,27.31,227804.0,50.82,Urban,2020,2,29,Very High,-7.620561566286554,No,0.37570504883752925,Q4
Himachal Pradesh,2020-03-31,Monthly,26.44,221432.0,48.74,Urban,2020,3,31,Very High,-2.7971414022580854,No,0.35943447525829253,Q4
Himachal Pradesh,2020-04-30,Monthly,2.7,146957.0,24.42,Urban,2020,4,30,Low,-33.63335019328733,Yes,0.027749229188078112,Q1
Himachal Pradesh,2020-05-31,Monthly,50.0,134868.0,43.55,Urban,2020,5,31,Very High,-8.226215831841966,Yes,1.0,Q1
Himachal Pradesh,2020-06-30,Monthly,10.81,224902.0,40.66,Urban,2020,6,30,High,66.75712548566007,Yes,0.12120192846731698,Q1
Jammu & Kashmir,2019-05-31, Monthly,12.78,2495186.0,40.57,Rural,2019,5,31,High,0.0,No,0.14652602614079338,Q1
Jammu & Kashmir,2019-06-30, Monthly,12.09,2423742.0,39.02,Rural,2019,6,30,High,-2.863273519489129,No,0.13752701626663633,Q1
Jammu & Kashmir,2019-07-31, Monthly,13.67,2549316.0,41.71,Rural,2019,7,31,High,5.180996987303099,No,0.15834588208038922,Q2
Jammu & Kashmir,2019-08-31, Monthly,11.32,2778624.0,44.17,Rural,2019,8,31,High,8.994883333411785,No,0.12764997744700043,Q2
Jammu & Kashmir,2019-10-31, Monthly,19.27,2477621.0,43.08,Rural,2019,10,31,High,-10.832807893403352,No,0.2386968908708039,Q3
Jammu & Kashmir,2019-11-30, Monthly,14.73,2415724.0,39.69,Rural,2019,11,30,High,-2.4982432744959815,No,0.1727453969743169,Q3
Jammu & Kashmir,2020-01-31, Monthly,22.19,2373488.0,42.56,Rural,2020,1,31,High,-1.748378539932538,No,0.2851818532322324,Q4
Jammu & Kashmir,2020-02-29, Monthly,21.23,2163397.0,38.25,Rural,2020,2,29,High,-8.851572032384404,No,0.2695188523549575,Q4
Jammu & Kashmir,2020-03-31, Monthly,16.0,2361004.0,39.06,Rural,2020,3,31,High,9.134107147231884,No,0.19047619047619047,Q4
Jammu & Kashmir,2020-05-31, Monthly,2.22,2716966.0,38.46,Rural,2020,5,31,Low,15.076721598099784,Yes,0.02270402945387605,Q1
Jammu & Kashmir,2020-06-30, Monthly,18.97,2049617.0,34.94,Rural,2020,6,30,High,-24.562287492740065,Yes,0.23411082315191903,Q1
Jammu & Kashmir,2019-05-31,Monthly,23.04,1130139.0,46.74,Urban,2019,5,31,High,0.0,No,0.29937629937629934,Q1
Jammu & Kashmir,2019-06-30,Monthly,19.88,1139815.0,45.17,Urban,2019,6,30,High,0.8561778683860988,No,0.2481278082875686,Q1
Jammu & Kashmir,2019-07-31,Monthly,21.55,1183770.0,47.8,Urban,2019,7,31,High,3.8563275619289072,No,0.2746972594008923,Q2
Jammu & Kashmir,2019-10-31,Monthly,24.06,1029087.0,42.63,Urban,2019,10,31,High,-13.066980916901084,No,0.31682907558598894,Q3
Jammu & Kashmir,2019-11-30,Monthly,14.29,1226793.0,44.92,Urban,2019,11,30,High,19.21178675855395,No,0.16672500291681247,Q3
Jammu & Kashmir,2019-12-31,Monthly,7.02,1209085.0,40.71,Urban,2019,12,31,Medium,-1.4434382980665905,No,0.07550010755001074,Q3
Jammu & Kashmir,2020-01-31,Monthly,18.54,1079537.0,41.4,Urban,2020,1,31,High,-10.714548604936791,No,0.2275963663147557,Q4
Jammu & Kashmir,2020-02-29,Monthly,19.86,1060116.0,41.23,Urban,2020,2,29,High,-1.7990119838412255,No,0.2478163214374844,Q4
Jammu & Kashmir,2020-03-31,Monthly,14.29,998103.0,36.21,Urban,2020,3,31,High,-5.849642869270911,No,0.16672500291681247,Q4
Jammu & Kashmir,2020-05-31,Monthly,12.96,937435.0,33.33,Urban,2020,5,31,High,-6.078330593135172,Yes,0.14889705882352944,Q1
Jharkhand,2019-05-31, Monthly,7.11,7035766.0,39.04,Rural,2019,5,31,Medium,0.0,No,0.07654214662504037,Q1
Jharkhand,2019-06-30, Monthly,8.46,7319782.0,41.12,Rural,2019,6,30,Medium,4.036745963410371,No,0.09241861481319644,Q1
Jharkhand,2019-07-31, Monthly,9.98,6958404.0,39.66,Rural,2019,7,31,Medium,-4.937004954519142,No,0.11086425238835815,Q2
Jharkhand,2019-08-31, Monthly,12.06,7015356.0,40.83,Rural,2019,8,31,High,0.818463544226522,No,0.13713895838071413,Q2
Jharkhand,2019-09-30, Monthly,7.12,7500122.0,41.24,Rural,2019,9,30,Medium,6.910069852477907,No,0.07665805340223945,Q2
Jharkhand,2019-10-31, Monthly,6.57,7761243.0,42.33,Rural,2019,10,31,Medium,3.4815567000110237,No,0.07032002568768062,Q3
Jharkhand,2019-11-30, Monthly,8.07,7279628.0,40.26,Rural,2019,11,30,Medium,-6.205384884869602,No,0.08778418361797019,Q3
Jharkhand,2019-12-31, Monthly,15.15,6873437.0,41.09,Rural,2019,12,31,High,-5.579831826571358,No,0.1785503830288745,Q3
Jharkhand,2020-01-31, Monthly,6.16,7868736.0,42.43,Rural,2020,1,31,Medium,14.480368409574428,No,0.06564364876385337,Q4
Jharkhand,2020-02-29, Monthly,9.06,7932402.0,44.05,Rural,2020,2,29,Medium,0.8091007246907145,No,0.0996261271167803,Q4
Jharkhand,2020-03-31, Monthly,5.01,7157454.0,37.96,Rural,2020,3,31,Medium,-9.769398979023002,No,0.052742393936203814,Q4
Jharkhand,2020-04-30, Monthly,41.72,4280434.0,36.92,Rural,2020,4,30,Very High,-40.19613678271631,Yes,0.7158544955387782,Q1
Jharkhand,2020-05-31, Monthly,55.1,3315038.0,37.03,Rural,2020,5,31,Very High,-22.553694321650564,Yes,1.2271714922048997,Q1
Jharkhand,2020-06-30, Monthly,21.53,6375114.0,40.65,Rural,2020,6,30,High,92.3089267755,Yes,0.2743723716069836,Q1
Jharkhand,2019-05-31,Monthly,17.23,2404033.0,43.25,Urban,2019,5,31,High,0.0,No,0.20816721034191132,Q1
Jharkhand,2019-06-30,Monthly,20.51,2326911.0,43.51,Urban,2019,6,30,High,-3.2080258465669975,No,0.25801987671405213,Q1
Jharkhand,2019-07-31,Monthly,15.67,2434579.0,42.82,Urban,2019,7,31,High,4.627078560374676,No,0.18581762124985177,Q2
Jharkhand,2019-08-31,Monthly,20.25,2335406.0,43.35,Urban,2019,8,31,High,-4.073517433609675,No,0.25391849529780564,Q2
Jharkhand,2019-09-30,Monthly,21.16,2357627.0,44.18,Urban,2019,9,30,High,0.9514833823326629,No,0.26839167935058345,Q2
Jharkhand,2019-10-31,Monthly,19.05,2460196.0,44.82,Urban,2019,10,31,High,4.350518551068516,No,0.23533045089561458,Q3
Jharkhand,2019-11-30,Monthly,17.34,2424281.0,43.17,Urban,2019,11,30,High,-1.4598430368962467,No,0.2097749818533753,Q3
Jharkhand,2019-12-31,Monthly,22.01,2290170.0,43.14,Urban,2019,12,31,High,-5.531990722197633,No,0.28221566867547127,Q3
Jharkhand,2020-01-31,Monthly,22.96,2329293.0,44.33,Urban,2020,1,31,High,1.7083011304837692,No,0.2980269989615784,Q4
Jharkhand,2020-02-29,Monthly,19.67,2493023.0,45.42,Urban,2020,2,29,High,7.029171512557664,No,0.24486493215486121,Q4
Jharkhand,2020-03-31,Monthly,16.4,2480661.0,43.34,Urban,2020,3,31,High,-0.4958638568516971,No,0.19617224880382775,Q4
Jharkhand,2020-04-30,Monthly,61.48,1054829.0,39.92,Urban,2020,4,30,Very High,-57.477906090352526,Yes,1.5960539979231565,Q1
Jharkhand,2020-05-31,Monthly,70.17,830347.0,40.49,Urban,2020,5,31,Very High,-21.281364088397268,Yes,2.3523298692591355,Q1
Jharkhand,2020-06-30,Monthly,19.38,2244460.0,40.43,Urban,2020,6,30,High,170.3038609159785,Yes,0.24038700074423217,Q1
Karnataka,2019-05-31, Monthly,5.46,13911440.0,46.36,Rural,2019,5,31,Medium,0.0,No,0.05775333192299555,Q1
Karnataka,2019-06-30, Monthly,5.98,12888490.0,43.12,Rural,2019,6,30,Medium,-7.35330059289333,No,0.06360348861944268,Q1
Karnataka,2019-07-31, Monthly,0.52,12169808.0,38.42,Rural,2019,7,31,Low,-5.576153606822832,No,0.005227181342983514,Q2
Karnataka,2019-08-31, Monthly,0.37,12686470.0,39.93,Rural,2019,8,31,Low,4.245440848368354,No,0.003713740841112115,Q2
Karnataka,2019-09-30, Monthly,3.2,13741892.0,44.45,Rural,2019,9,30,Low,8.319272421721724,No,0.03305785123966942,Q2
Karnataka,2019-10-31, Monthly,7.13,12803527.0,43.1,Rural,2019,10,31,Medium,-6.828499307082314,No,0.076773985140519,Q3
Karnataka,2019-11-30, Monthly,1.19,11537217.0,36.45,Rural,2019,11,30,Low,-9.890321627782717,No,0.012043315453901426,Q3
Karnataka,2019-12-31, Monthly,0.41,12756132.0,39.92,Rural,2019,12,31,Low,10.565069548401485,No,0.0041168792047394315,Q3
Karnataka,2020-01-31, Monthly,2.57,13938874.0,44.52,Rural,2020,1,31,Low,9.2719485812784,No,0.026377912347326282,Q4
Karnataka,2020-02-29, Monthly,4.11,12753657.0,41.33,Rural,2020,2,29,Low,-8.502960856092102,No,0.042861612264052565,Q4
Karnataka,2020-03-31, Monthly,2.39,12853818.0,40.85,Rural,2020,3,31,Low,0.7853512133813911,No,0.024485196188915072,Q4
Karnataka,2020-04-30, Monthly,33.17,9330400.0,43.25,Rural,2020,4,30,Very High,-27.411450823405158,Yes,0.4963339817447255,Q1
Karnataka,2020-05-31, Monthly,23.72,10626328.0,43.09,Rural,2020,5,31,High,13.889308068250017,Yes,0.31095962244362874,Q1
Karnataka,2020-06-30, Monthly,10.92,15396213.0,53.37,Rural,2020,6,30,High,44.88742489409323,Yes,0.122586439155815,Q1
Karnataka,2019-05-31,Monthly,6.56,8638239.0,40.62,Urban,2019,5,31,Medium,0.0,No,0.0702054794520548,Q1
Karnataka,2019-06-30,Monthly,5.0,8862498.0,40.89,Urban,2019,6,30,Medium,2.5961194173951485,No,0.05263157894736842,Q1
Karnataka,2019-07-31,Monthly,2.29,8738029.0,39.09,Urban,2019,7,31,Low,-1.4044460151077076,No,0.023436700440077785,Q2
Karnataka,2019-08-31,Monthly,1.27,8614340.0,38.04,Urban,2019,8,31,Low,-1.415525171637677,No,0.01286336473209764,Q2
Karnataka,2019-09-30,Monthly,3.57,8647794.0,39.0,Urban,2019,9,30,Low,0.388352444876805,No,0.03702167375298143,Q2
Karnataka,2019-10-31,Monthly,3.87,8799249.0,39.7,Urban,2019,10,31,Low,1.7513715058429913,No,0.04025798398002705,Q3
Karnataka,2019-11-30,Monthly,3.44,8613835.0,38.6,Urban,2019,11,30,Low,-2.107157099429735,No,0.035625517812758904,Q3
Karnataka,2019-12-31,Monthly,1.56,8592376.0,37.66,Urban,2019,12,31,Low,-0.24912248725451613,No,0.015847216578626575,Q3
Karnataka,2020-01-31,Monthly,3.31,8749154.0,38.94,Urban,2020,1,31,Low,1.8246175446698265,No,0.03423311614437895,Q4
Karnataka,2020-02-29,Monthly,2.88,8924061.0,39.45,Urban,2020,2,29,Low,1.9991304302107382,No,0.029654036243822072,Q4
Karnataka,2020-03-31,Monthly,4.92,9225835.0,41.55,Urban,2020,3,31,Low,3.381577064522534,No,0.05174589819099706,Q4
Karnataka,2020-04-30,Monthly,25.12,7387995.0,42.14,Urban,2020,4,30,Very High,-19.92058171428386,Yes,0.3354700854700855,Q1
Karnataka,2020-05-31,Monthly,15.88,8669258.0,43.9,Urban,2020,5,31,High,17.342499555021362,Yes,0.1887779362815026,Q1
Karnataka,2020-06-30,Monthly,6.12,8822411.0,39.93,Urban,2020,6,30,Medium,1.7666217800877515,Yes,0.0651896037494674,Q1
Kerala,2019-05-31, Monthly,6.63,5184355.0,38.07,Rural,2019,5,31,Medium,0.0,No,0.071007818357074,Q1
Kerala,2019-06-30, Monthly,9.0,5605627.0,42.19,Rural,2019,6,30,Medium,8.125832432385515,No,0.0989010989010989,Q1
Kerala,2019-07-31, Monthly,4.95,4855393.0,34.96,Rural,2019,7,31,Low,-13.383587598675406,No,0.05207785376117833,Q2
Kerala,2019-08-31, Monthly,10.32,5233449.0,39.9,Rural,2019,8,31,High,7.786311015400815,No,0.1150758251561106,Q2
Kerala,2019-09-30, Monthly,5.35,5400499.0,38.97,Rural,2019,9,30,Medium,3.191967667975737,No,0.05652403592181721,Q2
Kerala,2019-10-31, Monthly,9.14,5328825.0,40.02,Rural,2019,10,31,Medium,-1.3271736556195957,No,0.10059432093330399,Q3
Kerala,2019-11-30, Monthly,5.0,4557906.0,32.71,Rural,2019,11,30,Medium,-14.466960352422909,No,0.05263157894736842,Q3
Kerala,2019-12-31, Monthly,10.77,5065804.0,38.67,Rural,2019,12,31,High,11.143231124117081,No,0.120699316373417,Q3
Kerala,2020-01-31, Monthly,4.11,5307026.0,37.66,Rural,2020,1,31,Low,4.761771280531191,No,0.042861612264052565,Q4
Kerala,2020-02-29, Monthly,8.91,5203579.0,38.84,Rural,2020,2,29,Medium,-1.9492461502920833,No,0.09781534745855747,Q4
Kerala,2020-03-31, Monthly,8.85,4141953.0,30.87,Rural,2020,3,31,Medium,-20.4018426548343,No,0.09709270433351617,Q4
Kerala,2020-04-30, Monthly,10.71,1754170.0,13.33,Rural,2020,4,30,High,-57.648722716071376,Yes,0.11994624258035616,Q1
Kerala,2020-05-31, Monthly,23.38,3799919.0,33.62,Rural,2020,5,31,High,116.62204917425333,Yes,0.30514226050639515,Q1
Kerala,2020-06-30, Monthly,27.66,3952088.0,37.01,Rural,2020,6,30,Very High,4.0045327281976295,Yes,0.3823610727121924,Q1
Kerala,2019-05-31,Monthly,6.11,4605913.0,36.65,Urban,2019,5,31,Medium,0.0,No,0.06507615294493557,Q1
Kerala,2019-06-30,Monthly,6.67,4678374.0,37.42,Urban,2019,6,30,Medium,1.5732168627587972,No,0.07146683810136076,Q1
Kerala,2019-07-31,Monthly,7.58,4105211.0,33.13,Urban,2019,7,31,Medium,-12.251329201128424,No,0.08201687946331963,Q2
Kerala,2019-08-31,Monthly,7.69,4448650.0,35.91,Urban,2019,8,31,Medium,8.36592808506067,No,0.08330625067706642,Q2
Kerala,2019-09-30,Monthly,5.52,4640642.0,36.57,Urban,2019,9,30,Medium,4.31573623458803,No,0.058425063505503805,Q2
Kerala,2019-10-31,Monthly,5.35,4644510.0,36.49,Urban,2019,10,31,Medium,0.08335053641284063,No,0.05652403592181721,Q3
Kerala,2019-11-30,Monthly,6.71,4062767.0,32.36,Urban,2019,11,30,Medium,-12.52539019186093,No,0.07192625147389858,Q3
Kerala,2019-12-31,Monthly,7.31,4440283.0,35.56,Urban,2019,12,31,Medium,9.292090833660893,No,0.07886503398424857,Q3
Kerala,2020-01-31,Monthly,6.65,4597507.0,36.53,Urban,2020,1,31,Medium,3.540855391424369,No,0.0712372790573112,Q4
Kerala,2020-02-29,Monthly,6.08,4624444.0,36.48,Urban,2020,2,29,Medium,0.5859044912819078,No,0.06473594548551959,Q4
Kerala,2020-03-31,Monthly,9.14,4079775.0,33.24,Urban,2020,3,31,Medium,-11.778042938783562,No,0.10059432093330399,Q4
Kerala,2020-04-30,Monthly,21.43,2179106.0,20.51,Urban,2020,4,30,High,-46.58759367857296,Yes,0.27275041364388447,Q1
Kerala,2020-05-31,Monthly,30.28,2826118.0,29.95,Urban,2020,5,31,Very High,29.691625831877833,Yes,0.4343086632243259,Q1
Kerala,2020-06-30,Monthly,12.17,4601293.0,38.68,Urban,2020,6,30,High,62.81319463660044,Yes,0.1385631333257429,Q1
Madhya Pradesh,2019-05-31, Monthly,3.63,15349838.0,37.97,Rural,2019,5,31,Low,0.0,No,0.037667323855971775,Q1
Madhya Pradesh,2019-06-30, Monthly,4.25,16294794.0,40.48,Rural,2019,6,30,Low,6.156130116812952,No,0.044386422976501305,Q1
Madhya Pradesh,2019-07-31, Monthly,3.92,16274707.0,40.2,Rural,2019,7,31,Low,-0.12327250040718996,No,0.04079933388842631,Q2
Madhya Pradesh,2019-08-31, Monthly,4.94,16559137.0,41.25,Rural,2019,8,31,Low,1.7476812332166691,No,0.05196717862402693,Q2
Madhya Pradesh,2019-09-30, Monthly,3.08,16159315.0,39.4,Rural,2019,9,30,Low,-2.414509886596139,No,0.03177878662814693,Q2
Madhya Pradesh,2019-10-31, Monthly,2.98,17060638.0,41.46,Rural,2019,10,31,Low,5.5777302441347265,No,0.030715316429602145,Q3
Madhya Pradesh,2019-11-30, Monthly,2.72,16306428.0,39.44,Rural,2019,11,30,Low,-4.420760817971758,No,0.027960526315789474,Q3
Madhya Pradesh,2019-12-31, Monthly,2.94,16854647.0,40.77,Rural,2019,12,31,Low,3.3619809316914884,No,0.030290541932825054,Q3
Madhya Pradesh,2020-01-31, Monthly,3.66,16183702.0,39.35,Rural,2020,1,31,Low,-3.980771593733168,No,0.037990450487855515,Q4
Madhya Pradesh,2020-02-29, Monthly,4.42,16178044.0,39.57,Rural,2020,2,29,Low,-0.034961098517505285,No,0.04624398409709144,Q4
Madhya Pradesh,2020-03-31, Monthly,1.19,16480441.0,38.9,Rural,2020,3,31,Low,1.869181465942349,No,0.012043315453901426,Q4
Madhya Pradesh,2020-04-30, Monthly,12.5,14238959.0,37.88,Rural,2020,4,30,High,-13.600861773055705,Yes,0.14285714285714285,Q1
Madhya Pradesh,2020-05-31, Monthly,22.46,13099601.0,39.24,Rural,2020,5,31,High,-8.001694505897516,Yes,0.2896569512509673,Q1
Madhya Pradesh,2020-06-30, Monthly,6.46,16748971.0,41.5,Rural,2020,6,30,Medium,27.85863477826538,Yes,0.06906136412230061,Q1
Madhya Pradesh,2019-05-31,Monthly,3.91,6692720.0,38.96,Urban,2019,5,31,Low,0.0,No,0.04069101883650744,Q1
Madhya Pradesh,2019-06-30,Monthly,6.38,6509340.0,38.8,Urban,2019,6,30,Medium,-2.739992110830869,No,0.06814783165990172,Q1
Madhya Pradesh,2019-07-31,Monthly,7.38,6266446.0,37.67,Urban,2019,7,31,Medium,-3.7314689354066566,No,0.0796804145972792,Q2
Madhya Pradesh,2019-08-31,Monthly,6.82,6809834.0,40.6,Urban,2019,8,31,Medium,8.671390450025429,No,0.07319167203262503,Q2
Madhya Pradesh,2019-09-30,Monthly,7.0,6655967.0,39.67,Urban,2019,9,30,Medium,-2.259482389732259,No,0.07526881720430108,Q2
Madhya Pradesh,2019-10-31,Monthly,4.4,6603715.0,38.2,Urban,2019,10,31,Low,-0.7850399498675387,No,0.04602510460251047,Q3
Madhya Pradesh,2019-11-30,Monthly,6.06,6459457.0,37.94,Urban,2019,11,30,Medium,-2.184497665329288,No,0.0645092612305727,Q3
Madhya Pradesh,2019-12-31,Monthly,6.2,6787403.0,39.83,Urban,2019,12,31,Medium,5.076990217598776,No,0.06609808102345416,Q3
Madhya Pradesh,2020-01-31,Monthly,5.17,6834930.0,39.59,Urban,2020,1,31,Medium,0.7002236348718327,No,0.05451861225350627,Q4
Madhya Pradesh,2020-02-29,Monthly,4.96,6533435.0,37.68,Urban,2020,2,29,Low,-4.411091262090472,No,0.05218855218855219,Q4
Madhya Pradesh,2020-03-31,Monthly,4.8,6386723.0,36.68,Urban,2020,3,31,Low,-2.245556893119771,No,0.050420168067226885,Q4
Madhya Pradesh,2020-04-30,Monthly,11.94,4802873.0,29.76,Urban,2020,4,30,High,-24.799102763655167,Yes,0.13558937088348852,Q1
Madhya Pradesh,2020-05-31,Monthly,40.49,3879934.0,35.49,Urban,2020,5,31,Very High,-19.216394020828787,Yes,0.6803898504453033,Q1
Madhya Pradesh,2020-06-30,Monthly,12.72,6221562.0,38.72,Urban,2020,6,30,High,60.35226372407365,Yes,0.1457378551787351,Q1
Maharashtra,2019-05-31, Monthly,3.67,23896858.0,47.11,Rural,2019,5,31,Low,0.0,No,0.038098204090106925,Q1
Maharashtra,2019-06-30, Monthly,4.34,23056511.0,45.69,Rural,2019,6,30,Low,-3.5165585366913055,No,0.045369015262387624,Q1
Maharashtra,2019-07-31, Monthly,3.66,24843750.0,48.8,Rural,2019,7,31,Low,7.751558767933275,No,0.037990450487855515,Q2
Maharashtra,2019-08-31, Monthly,3.76,26835389.0,52.67,Rural,2019,8,31,Low,8.016660125786167,No,0.03906899418121363,Q2
Maharashtra,2019-09-30, Monthly,4.4,25219281.0,49.74,Rural,2019,9,30,Low,-6.022301372266304,No,0.04602510460251047,Q2
Maharashtra,2019-10-31, Monthly,3.81,24330249.0,47.61,Rural,2019,10,31,Low,-3.525207558454979,No,0.03960910697577711,Q3
Maharashtra,2019-11-30, Monthly,3.68,24881383.0,48.53,Rural,2019,11,30,Low,2.2652213711417346,No,0.03820598006644519,Q3
Maharashtra,2019-12-31, Monthly,3.03,26357625.0,50.98,Rural,2019,12,31,Low,5.933118749870125,No,0.031246777353820768,Q3
Maharashtra,2020-01-31, Monthly,3.8,25881398.0,50.36,Rural,2020,1,31,Low,-1.8067902551918036,No,0.039501039501039496,Q4
Maharashtra,2020-02-29, Monthly,4.24,25293535.0,49.36,Rural,2020,2,29,Low,-2.271372666963356,No,0.04427736006683375,Q4
Maharashtra,2020-03-31, Monthly,5.38,23130976.0,45.6,Rural,2020,3,31,Medium,-8.549848805238181,No,0.05685901500739801,Q4
Maharashtra,2020-04-30, Monthly,25.28,15014802.0,37.42,Rural,2020,4,30,Very High,-35.087901176327364,Yes,0.33832976445396146,Q1
Maharashtra,2020-05-31, Monthly,16.89,18423447.0,41.21,Rural,2020,5,31,High,22.701897767283242,Yes,0.203224642040669,Q1
Maharashtra,2020-06-30, Monthly,9.4,23601016.0,48.34,Rural,2020,6,30,Medium,28.103150295381752,Yes,0.10375275938189847,Q1
Maharashtra,2019-05-31,Monthly,6.08,16962574.0,38.3,Urban,2019,5,31,Medium,0.0,No,0.06473594548551959,Q1
Maharashtra,2019-06-30,Monthly,6.46,17375053.0,39.3,Urban,2019,6,30,Medium,2.4317005190367835,No,0.06906136412230061,Q1
Maharashtra,2019-07-31,Monthly,6.35,17215677.0,38.81,Urban,2019,7,31,Medium,-0.9172691444451986,No,0.06780565936999465,Q2
Maharashtra,2019-08-31,Monthly,7.57,16602767.0,37.84,Urban,2019,8,31,Medium,-3.5601852892570007,No,0.08189981607703127,Q2
Maharashtra,2019-09-30,Monthly,7.6,17396398.0,39.58,Urban,2019,9,30,Medium,4.780112857091834,No,0.08225108225108224,Q2
Maharashtra,2019-10-31,Monthly,7.51,17221991.0,39.05,Urban,2019,10,31,Medium,-1.0025466191334598,No,0.08119796734782139,Q3
Maharashtra,2019-11-30,Monthly,7.6,17486683.0,39.61,Urban,2019,11,30,Medium,1.5369419250073957,No,0.08225108225108224,Q3
Maharashtra,2019-12-31,Monthly,7.83,16581144.0,37.57,Urban,2019,12,31,Medium,-5.178449223331838,No,0.08495171964847564,Q3
Maharashtra,2020-01-31,Monthly,6.67,16715470.0,37.32,Urban,2020,1,31,Medium,0.8101129813479657,No,0.07146683810136076,Q4
Maharashtra,2020-02-29,Monthly,5.34,17122782.0,37.61,Urban,2020,2,29,Medium,2.436736747456103,No,0.056412423410099305,Q4
Maharashtra,2020-03-31,Monthly,6.34,17065830.0,37.8,Urban,2020,3,31,Medium,-0.3326095023577391,No,0.0676916506512919,Q4
Maharashtra,2020-04-30,Monthly,14.99,12674451.0,30.86,Urban,2020,4,30,High,-25.73199779911085,Yes,0.17633219621221033,Q1
Maharashtra,2020-05-31,Monthly,15.92,12365754.0,30.38,Urban,2020,5,31,High,-2.435584783908984,Yes,0.18934348239771645,Q1
Maharashtra,2020-06-30,Monthly,10.01,16172690.0,37.04,Urban,2020,6,30,High,30.786121088936437,Yes,0.11123458162018002,Q1
Meghalaya,2019-05-31, Monthly,3.16,1119011.0,66.13,Rural,2019,5,31,Low,0.0,No,0.032631144155307726,Q1
Meghalaya,2019-06-30, Monthly,4.23,1024797.0,61.09,Rural,2019,6,30,Low,-8.419398915649623,No,0.04416831993317323,Q1
Meghalaya,2019-07-31, Monthly,1.03,1158511.0,66.67,Rural,2019,7,31,Low,13.047852403939508,No,0.010407194099221986,Q2
Meghalaya,2019-08-31, Monthly,0.52,1065725.0,60.86,Rural,2019,8,31,Low,-8.00907371617533,No,0.005227181342983514,Q2
Meghalaya,2019-09-30, Monthly,0.24,1162159.0,66.02,Rural,2019,9,30,Low,9.048675784090632,No,0.0024057738572574178,Q2
Meghalaya,2019-10-31, Monthly,3.7,1080609.0,63.44,Rural,2019,10,31,Low,-7.017112116328317,No,0.03842159916926272,Q3
Meghalaya,2019-11-30, Monthly,1.5,1205703.0,69.03,Rural,2019,11,30,Low,11.57625005899452,No,0.015228426395939087,Q3
Meghalaya,2019-12-31, Monthly,1.8,1102997.0,63.18,Rural,2019,12,31,Low,-8.51834987554978,No,0.018329938900203666,Q3
Meghalaya,2020-01-31, Monthly,0.97,1229406.0,69.66,Rural,2020,1,31,Low,11.46050261242777,No,0.009795011612642634,Q4
Meghalaya,2020-02-29, Monthly,2.76,1112864.0,64.06,Rural,2020,2,29,Low,-9.479537272471417,No,0.028383381324557793,Q4
Meghalaya,2020-03-31, Monthly,1.28,1192616.0,67.46,Rural,2020,3,31,Low,7.166374327860359,No,0.012965964343598056,Q4
Meghalaya,2020-04-30, Monthly,8.38,803118.0,48.83,Rural,2020,4,30,Medium,-32.65912917485595,Yes,0.09146474568871425,Q1
Meghalaya,2020-05-31, Monthly,3.73,992148.0,57.26,Rural,2020,5,31,Low,23.537014486040665,Yes,0.03874519580346941,Q1
Meghalaya,2020-06-30, Monthly,1.35,1150200.0,64.63,Rural,2020,6,30,Low,15.9302845946371,Yes,0.01368474404460213,Q1
Meghalaya,2019-05-31,Monthly,8.4,228978.0,47.79,Urban,2019,5,31,Medium,0.0,No,0.09170305676855896,Q1
Meghalaya,2019-06-30,Monthly,8.66,231252.0,48.29,Urban,2019,6,30,Medium,0.9931085082409696,No,0.09481059776658637,Q1
Meghalaya,2019-07-31,Monthly,4.43,284015.0,56.55,Urban,2019,7,31,Low,22.81623510283155,No,0.04635345819817935,Q2
Meghalaya,2019-08-31,Monthly,5.8,259433.0,52.27,Urban,2019,8,31,Medium,-8.655176663204411,No,0.061571125265392775,Q2
Meghalaya,2019-09-30,Monthly,5.3,253887.0,50.77,Urban,2019,9,30,Medium,-2.137738838158598,No,0.05596620908130939,Q2
Meghalaya,2019-10-31,Monthly,7.2,234375.0,47.71,Urban,2019,10,31,Medium,-7.68530881849011,No,0.07758620689655173,Q3
Meghalaya,2019-11-30,Monthly,3.02,293431.0,57.02,Urban,2019,11,30,Low,25.197226666666662,No,0.03114044132810889,Q3
Meghalaya,2019-12-31,Monthly,5.21,267417.0,53.04,Urban,2019,12,31,Medium,-8.865457296604651,No,0.05496360375567043,Q3
Meghalaya,2020-01-31,Monthly,4.76,261687.0,51.53,Urban,2020,1,31,Low,-2.1427209190141294,No,0.0499790004199916,Q4
Meghalaya,2020-02-29,Monthly,7.37,233965.0,47.26,Urban,2020,2,29,Medium,-10.593571709714277,No,0.07956385620209436,Q4
Meghalaya,2020-03-31,Monthly,2.8,289735.0,55.64,Urban,2020,3,31,Low,23.83689868142671,No,0.028806584362139915,Q4
Meghalaya,2020-04-30,Monthly,17.39,161939.0,36.51,Urban,2020,4,30,High,-44.107891694134295,Yes,0.21050720251785499,Q1
Meghalaya,2020-05-31,Monthly,14.58,222916.0,48.48,Urban,2020,5,31,High,37.65430192850394,Yes,0.1706860220088972,Q1
Odisha,2019-05-31, Monthly,4.17,11155753.0,40.47,Rural,2019,5,31,Low,0.0,No,0.04351455702807054,Q1
Odisha,2019-06-30, Monthly,4.71,10965154.0,39.94,Rural,2019,6,30,Low,-1.7085265333500965,No,0.04942806170637003,Q1
Odisha,2019-07-31, Monthly,3.31,12009883.0,43.05,Rural,2019,7,31,Low,9.527718443352452,No,0.03423311614437895,Q2
Odisha,2019-08-31, Monthly,3.68,11727659.0,42.13,Rural,2019,8,31,Low,-2.349931302411523,No,0.03820598006644519,Q2
Odisha,2019-09-30, Monthly,4.31,11167715.0,40.32,Rural,2019,9,30,Low,-4.77455901471896,No,0.04504127913052565,Q2
Odisha,2019-10-31, Monthly,4.28,11621534.0,41.88,Rural,2019,10,31,Low,4.063669246573709,No,0.04471374843292938,Q3
Odisha,2019-11-30, Monthly,4.72,12192623.0,44.06,Rural,2019,11,30,Low,4.9140586776238,No,0.04953820319059613,Q3
Odisha,2019-12-31, Monthly,4.67,11345069.0,40.91,Rural,2019,12,31,Low,-6.951367232465078,No,0.04898772684359593,Q3
Odisha,2020-01-31, Monthly,1.81,11182128.0,39.09,Rural,2020,1,31,Low,-1.4362274923140572,No,0.01843364904776454,Q4
Odisha,2020-02-29, Monthly,3.31,11842655.0,41.98,Rural,2020,2,29,Low,5.906988365720722,No,0.03423311614437895,Q4
Odisha,2020-03-31, Monthly,15.09,9814156.0,39.55,Rural,2020,3,31,High,-17.128751956381404,No,0.17771758332351903,Q4
Odisha,2020-04-30, Monthly,24.48,5562449.0,25.16,Rural,2020,4,30,High,-43.3221868492818,Yes,0.3241525423728814,Q1
Odisha,2020-05-31, Monthly,9.45,9683719.0,36.48,Rural,2020,5,31,Medium,74.0909264965845,Yes,0.10436223081170623,Q1
Odisha,2020-06-30, Monthly,4.59,10187145.0,36.36,Rural,2020,6,30,Low,5.198684513666696,Yes,0.0481081647626035,Q1
Odisha,2019-05-31,Monthly,2.95,2519582.0,41.26,Urban,2019,5,31,Low,0.0,No,0.030396702730551266,Q1
Odisha,2019-06-30,Monthly,2.63,2356290.0,38.39,Urban,2019,6,30,Low,-6.480916278970083,No,0.027010372804765325,Q1
Odisha,2019-07-31,Monthly,1.78,2542237.0,40.99,Urban,2019,7,31,Low,7.891515899995327,No,0.01812258195886785,Q2
Odisha,2019-08-31,Monthly,3.5,2456983.0,40.25,Urban,2019,8,31,Low,-3.353503233569488,No,0.03626943005181347,Q2
Odisha,2019-09-30,Monthly,3.78,2570663.0,42.15,Urban,2019,9,30,Low,4.626812639729283,No,0.03928497193930575,Q2
Odisha,2019-10-31,Monthly,4.5,2456855.0,40.51,Urban,2019,10,31,Low,-4.4271847379450335,No,0.04712041884816754,Q3
Odisha,2019-11-30,Monthly,2.23,2594469.0,41.71,Urban,2019,11,30,Low,5.601225957575839,No,0.02280863250485834,Q3
Odisha,2019-12-31,Monthly,3.36,2369048.0,38.46,Urban,2019,12,31,Low,-8.688521620416356,No,0.0347682119205298,Q3
Odisha,2020-01-31,Monthly,2.28,2561320.0,41.05,Urban,2020,1,31,Low,8.116002715014648,No,0.023331968890708144,Q4
Odisha,2020-02-29,Monthly,2.19,2438080.0,38.97,Urban,2020,2,29,Low,-4.811581528274489,No,0.022390348635108883,Q4
Odisha,2020-03-31,Monthly,3.96,2457952.0,39.93,Urban,2020,3,31,Low,0.8150675941724694,No,0.04123281965847563,Q4
Odisha,2020-04-30,Monthly,20.5,1303244.0,25.53,Urban,2020,4,30,High,-46.97846011638958,Yes,0.2578616352201258,Q1
Odisha,2020-05-31,Monthly,10.0,1975481.0,34.12,Urban,2020,5,31,High,51.58182197654468,Yes,0.1111111111111111,Q1
Odisha,2020-06-30,Monthly,2.18,2221069.0,35.24,Urban,2020,6,30,Low,12.431807747075263,Yes,0.022285831118380704,Q1
Puducherry,2019-05-31, Monthly,0.0,172474.0,43.08,Rural,2019,5,31,Low,0.0,No,0.0,Q1
Puducherry,2019-06-30, Monthly,0.0,184527.0,45.95,Rural,2019,6,30,Low,6.988299685749744,No,0.0,Q1
Puducherry,2019-07-31, Monthly,0.0,139227.0,34.56,Rural,2019,7,31,Low,-24.54925295485214,No,0.0,Q2
Puducherry,2019-08-31, Monthly,4.85,183930.0,47.83,Rural,2019,8,31,Low,32.107996293822325,No,0.05097214923804518,Q2
Puducherry,2019-09-30, Monthly,0.0,175718.0,43.34,Rural,2019,9,30,Low,-4.4647420214211975,No,0.0,Q2
Puducherry,2019-10-31, Monthly,1.18,180283.0,44.85,Rural,2019,10,31,Low,2.5979125644498557,No,0.011940902651285164,Q3
Puducherry,2019-11-30, Monthly,0.0,142787.0,35.0,Rural,2019,11,30,Low,-20.79841138654227,No,0.0,Q3
Puducherry,2019-12-31, Monthly,1.99,180808.0,45.07,Rural,2019,12,31,Low,26.627774237150437,No,0.02030405060708091,Q3
Puducherry,2020-01-31, Monthly,0.58,176252.0,43.18,Rural,2020,1,31,Low,-2.519800008849171,No,0.005833836250251458,Q4
Puducherry,2020-02-29, Monthly,1.74,183619.0,45.38,Rural,2020,2,29,Low,4.179810725552047,No,0.01770812131080806,Q4
Puducherry,2020-03-31, Monthly,2.31,142176.0,35.23,Rural,2020,3,31,Low,-22.570104400960687,No,0.023646227863650324,Q4
Puducherry,2020-04-30, Monthly,74.51,49420.0,46.79,Rural,2020,4,30,Very High,-65.24026558631554,Yes,2.923107100823853,Q1
Puducherry,2019-05-31,Monthly,1.25,283905.0,35.71,Urban,2019,5,31,Low,0.0,No,0.012658227848101266,Q1
Puducherry,2019-06-30,Monthly,0.0,304369.0,37.73,Urban,2019,6,30,Low,7.208044944611758,No,0.0,Q1
Puducherry,2019-07-31,Monthly,0.0,281117.0,34.77,Urban,2019,7,31,Low,-7.639411372380234,No,0.0,Q2
Puducherry,2019-08-31,Monthly,8.95,312882.0,42.41,Urban,2019,8,31,Medium,11.299565661272704,No,0.09829763866007687,Q2
Puducherry,2019-09-30,Monthly,1.22,286573.0,35.73,Urban,2019,9,30,Low,-8.408601325739419,No,0.012350678274954443,Q2
Puducherry,2019-10-31,Monthly,1.17,312548.0,38.86,Urban,2019,10,31,Low,9.064008123584566,No,0.011838510573712435,Q3
Puducherry,2019-11-30,Monthly,1.37,275003.0,34.19,Urban,2019,11,30,Low,-12.012554871571723,No,0.013890297069857043,Q3
Puducherry,2019-12-31,Monthly,5.21,313135.0,40.42,Urban,2019,12,31,Medium,13.86603055239397,No,0.05496360375567043,Q3
Puducherry,2020-01-31,Monthly,0.57,281698.0,34.59,Urban,2020,1,31,Low,-10.039439858208121,No,0.0057326762546515125,Q4
Puducherry,2020-02-29,Monthly,1.78,310342.0,38.5,Urban,2020,2,29,Low,10.168336303417135,No,0.01812258195886785,Q4
Puducherry,2020-03-31,Monthly,0.62,278851.0,34.12,Urban,2020,3,31,Low,-10.147192452197896,No,0.006238679814852083,Q4
Puducherry,2020-04-30,Monthly,76.74,68122.0,35.54,Urban,2020,4,30,Very High,-75.57046594776422,Yes,3.299226139294926,Q1
Puducherry,2020-05-31,Monthly,75.0,64538.0,31.25,Urban,2020,5,31,Very High,-5.261149114823405,Yes,3.0,Q1
Puducherry,2020-06-30,Monthly,4.55,234926.0,29.73,Urban,2020,6,30,Low,264.01189996591154,Yes,0.047668936616029334,Q1
Punjab,2019-05-31, Monthly,9.17,6088547.0,44.79,Rural,2019,5,31,Medium,0.0,No,0.10095783331498404,Q1
Punjab,2019-06-30, Monthly,12.21,6025235.0,45.79,Rural,2019,6,30,High,-1.0398540078609853,No,0.1390818999886092,Q1
Punjab,2019-07-31, Monthly,9.64,6308129.0,46.5,Rural,2019,7,31,Medium,4.695152969137295,No,0.10668437361664454,Q2
Punjab,2019-08-31, Monthly,6.69,6183427.0,44.08,Rural,2019,8,31,Medium,-1.9768460664009835,No,0.07169649555245955,Q2
Punjab,2019-09-30, Monthly,8.59,6260971.0,45.49,Rural,2019,9,30,Medium,1.2540618656935676,No,0.09397221310578711,Q2
Punjab,2019-10-31, Monthly,12.56,6021921.0,45.66,Rural,2019,10,31,High,-3.818097863733916,No,0.14364135407136322,Q3
Punjab,2019-11-30, Monthly,7.07,6395022.0,45.55,Rural,2019,11,30,Medium,6.195713959050608,No,0.0760787689658883,Q3
Punjab,2019-12-31, Monthly,6.13,6164215.0,43.4,Rural,2019,12,31,Medium,-3.609166629919336,No,0.06530307872589751,Q3
Punjab,2020-01-31, Monthly,9.69,6189471.0,45.22,Rural,2020,1,31,Medium,0.409719648000606,No,0.10729708780865906,Q4
Punjab,2020-02-29, Monthly,10.41,6009820.0,44.19,Rural,2020,2,29,High,-2.902525918612431,No,0.11619600401830561,Q4
Punjab,2020-03-31, Monthly,10.51,6373692.0,46.85,Rural,2020,3,31,High,6.05462393216436,No,0.11744328975304504,Q4
Punjab,2020-04-30, Monthly,3.69,4721590.0,32.2,Rural,2020,4,30,Low,-25.920643796405596,Yes,0.038313778423839685,Q1
Punjab,2020-05-31, Monthly,40.59,3727366.0,41.14,Rural,2020,5,31,Very High,-21.056974451403022,Yes,0.6832183134152501,Q1
Punjab,2020-06-30, Monthly,20.0,5364047.0,43.9,Rural,2020,6,30,High,43.90985484119349,Yes,0.25,Q1
Punjab,2019-05-31,Monthly,13.49,3289918.0,40.03,Urban,2019,5,31,High,0.0,No,0.15593572997341348,Q1
Punjab,2019-06-30,Monthly,13.17,3307798.0,40.02,Urban,2019,6,30,High,0.5434785912597162,No,0.15167568812622365,Q1
Punjab,2019-07-31,Monthly,11.61,3592442.0,42.62,Urban,2019,7,31,High,8.605241311591572,No,0.13134970019232944,Q2
Punjab,2019-08-31,Monthly,11.99,3499863.0,41.61,Urban,2019,8,31,High,-2.5770492606422057,No,0.1362345188046813,Q2
Punjab,2019-09-30,Monthly,15.69,3227178.0,39.97,Urban,2019,9,30,High,-7.791304973937551,No,0.1860989206499822,Q2
Punjab,2019-10-31,Monthly,13.75,3070438.0,37.1,Urban,2019,10,31,High,-4.856874953907098,No,0.15942028985507245,Q3
Punjab,2019-11-30,Monthly,10.39,3602243.0,41.82,Urban,2019,11,30,High,17.32016735071673,No,0.11594688092846782,Q3
Punjab,2019-12-31,Monthly,11.97,3575778.0,42.17,Urban,2019,12,31,High,-0.7346811417219823,No,0.1359763716914688,Q3
Punjab,2020-01-31,Monthly,13.68,3252622.0,39.04,Urban,2020,1,31,High,-9.037361939136046,No,0.15848007414272475,Q4
Punjab,2020-02-29,Monthly,11.99,3219227.0,37.82,Urban,2020,2,29,High,-1.026710143385856,No,0.1362345188046813,Q4
Punjab,2020-03-31,Monthly,9.97,3601793.0,41.29,Urban,2020,3,31,Medium,11.88378452342751,No,0.11074086415639232,Q4
Punjab,2020-04-30,Monthly,1.13,2298975.0,23.95,Urban,2020,4,30,Low,-36.17137353534753,Yes,0.011429149388085364,Q1
Punjab,2020-05-31,Monthly,20.54,2682658.0,34.71,Urban,2020,5,31,High,16.689307191248282,Yes,0.25849484017115526,Q1
Punjab,2020-06-30,Monthly,10.55,3047750.0,34.96,Urban,2020,6,30,High,13.609338201142297,Yes,0.11794298490776971,Q1
Rajasthan,2019-05-31, Monthly,4.03,15226005.0,38.52,Rural,2019,5,31,Low,0.0,No,0.0419922892570595,Q1
Rajasthan,2019-06-30, Monthly,13.7,14610564.0,41.02,Rural,2019,6,30,High,-4.042038604348286,No,0.15874855156431053,Q1
Rajasthan,2019-07-31, Monthly,9.7,14859873.0,39.78,Rural,2019,7,31,Medium,1.7063612328723332,No,0.10741971207087486,Q2
Rajasthan,2019-08-31, Monthly,12.5,15052051.0,41.48,Rural,2019,8,31,High,1.2932681187786788,No,0.14285714285714285,Q2
Rajasthan,2019-09-30, Monthly,5.45,15419779.0,39.24,Rural,2019,9,30,Medium,2.443042479725843,No,0.05764145954521418,Q2
Rajasthan,2019-10-31, Monthly,14.66,15178544.0,42.69,Rural,2019,10,31,High,-1.5644517343601394,No,0.1717834544176236,Q3
Rajasthan,2019-11-30, Monthly,10.47,15278556.0,40.87,Rural,2019,11,30,High,0.658903778913178,No,0.11694404110354072,Q3
Rajasthan,2019-12-31, Monthly,13.96,15485307.0,43.0,Rural,2019,12,31,High,1.3532103426528108,No,0.16225011622501165,Q3
Rajasthan,2020-01-31, Monthly,8.0,15484353.0,40.12,Rural,2020,1,31,Medium,-0.006160678635558359,No,0.08695652173913043,Q4
Rajasthan,2020-02-29, Monthly,14.48,15040572.0,41.83,Rural,2020,2,29,High,-2.8659964029494778,No,0.1693171188026193,Q4
Rajasthan,2020-03-31, Monthly,9.47,15059769.0,39.47,Rural,2020,3,31,Medium,0.1276347734647354,No,0.10460620788688833,Q4
Rajasthan,2020-04-30, Monthly,12.25,13051219.0,35.21,Rural,2020,4,30,High,-13.33718996619404,Yes,0.1396011396011396,Q1
Rajasthan,2020-05-31, Monthly,10.45,15586833.0,41.11,Rural,2020,5,31,High,19.428177551844005,Yes,0.11669458403126745,Q1
Rajasthan,2020-06-30, Monthly,13.86,16076978.0,43.98,Rural,2020,6,30,High,3.144609299400325,Yes,0.1609008590666357,Q1
Rajasthan,2019-05-31,Monthly,13.62,5108436.0,39.44,Urban,2019,5,31,High,0.0,No,0.15767538782125493,Q1
Rajasthan,2019-06-30,Monthly,14.36,5241174.0,40.73,Urban,2019,6,30,High,2.5984078101399355,No,0.16767865483418962,Q1
Rajasthan,2019-07-31,Monthly,11.67,5372470.0,40.38,Urban,2019,7,31,High,2.5050876006024625,No,0.13211819313936374,Q2
Rajasthan,2019-08-31,Monthly,14.71,5195170.0,40.34,Urban,2019,8,31,High,-3.3001580278717246,No,0.17247039512252318,Q2
Rajasthan,2019-09-30,Monthly,12.63,5176819.0,39.15,Urban,2019,9,30,High,-0.3532319442867138,No,0.14455762847659379,Q2
Rajasthan,2019-10-31,Monthly,13.02,5384335.0,40.8,Urban,2019,10,31,High,4.008562014627137,No,0.14968958381237066,Q3
Rajasthan,2019-11-30,Monthly,14.3,5306715.0,40.73,Urban,2019,11,30,High,-1.4415893513312183,No,0.16686114352392065,Q3
Rajasthan,2019-12-31,Monthly,18.04,5109481.0,40.9,Urban,2019,12,31,High,-3.716687253790718,No,0.22010736944851145,Q3
Rajasthan,2020-01-31,Monthly,18.82,5157363.0,41.59,Urban,2020,1,31,High,0.9371206194914938,No,0.23183050012318304,Q4
Rajasthan,2020-02-29,Monthly,17.02,5288343.0,41.62,Urban,2020,2,29,High,2.5396699825084967,No,0.20510966497951313,Q4
Rajasthan,2020-03-31,Monthly,18.54,4964911.0,39.71,Urban,2020,3,31,High,-6.115942176973011,No,0.2275963663147557,Q4
Rajasthan,2020-04-30,Monthly,35.53,2932923.0,29.57,Urban,2020,4,30,Very High,-40.9269773415878,Yes,0.5511090429657205,Q1
Rajasthan,2020-05-31,Monthly,25.35,4225486.0,36.71,Urban,2020,5,31,Very High,44.07081263299446,Yes,0.3395847287340924,Q1
Rajasthan,2020-06-30,Monthly,13.04,5275784.0,39.26,Urban,2020,6,30,High,24.85626505448131,Yes,0.14995400183992638,Q1
Sikkim,2019-10-31, Monthly,5.48,146688.0,44.06,Rural,2019,10,31,Medium,0.0,No,0.05797714769360982,Q3
Sikkim,2019-11-30, Monthly,13.11,162426.0,53.04,Rural,2019,11,30,High,10.728893979057585,No,0.15088042352399586,Q3
Sikkim,2019-12-31, Monthly,1.0,161647.0,46.3,Rural,2019,12,31,Low,-0.4796030192210643,No,0.010101010101010102,Q3
Sikkim,2020-04-30, Monthly,0.0,133399.0,37.72,Rural,2020,4,30,Low,-17.475115529518025,Yes,0.0,Q1
Sikkim,2020-06-30, Monthly,5.81,141313.0,42.36,Rural,2020,6,30,Medium,5.932578205233918,Yes,0.06168383055526064,Q1
Sikkim,2019-05-31,Monthly,8.2,89587.0,48.61,Urban,2019,5,31,Medium,0.0,No,0.08932461873638343,Q1
Sikkim,2019-06-30,Monthly,7.76,89702.0,48.13,Urban,2019,6,30,Medium,0.12836683893868717,No,0.08412836079791848,Q1
Sikkim,2019-07-31,Monthly,2.56,108334.0,54.67,Urban,2019,7,31,Low,20.77099730217833,No,0.02627257799671593,Q2
Sikkim,2019-08-31,Monthly,4.82,90850.0,46.63,Urban,2019,8,31,Low,-16.13897760629165,No,0.05064089094347552,Q2
Sikkim,2019-09-30,Monthly,4.81,89450.0,45.61,Urban,2019,9,30,Low,-1.5410016510731928,No,0.05053051791154533,Q2
Sikkim,2019-10-31,Monthly,9.68,87974.0,46.97,Urban,2019,10,31,Medium,-1.650083845723871,No,0.10717449069973428,Q3
Sikkim,2019-11-30,Monthly,4.04,107751.0,53.8,Urban,2019,11,30,Low,22.480505603928425,No,0.04210087536473531,Q3
Sikkim,2019-12-31,Monthly,7.37,88035.0,45.24,Urban,2019,12,31,Medium,-18.2977420163154,No,0.07956385620209436,Q3
Sikkim,2020-03-31,Monthly,20.45,86186.0,50.57,Urban,2020,3,31,High,-2.100301016641104,No,0.257071024512885,Q4
Sikkim,2020-04-30,Monthly,5.77,81905.0,40.31,Urban,2020,4,30,Medium,-4.967164040563432,Yes,0.061233152923697326,Q1
Sikkim,2020-05-31,Monthly,19.75,75456.0,43.32,Urban,2020,5,31,High,-7.873756180941339,Yes,0.24610591900311526,Q1
Sikkim,2020-06-30,Monthly,2.63,76269.0,35.85,Urban,2020,6,30,Low,1.0774491094147631,Yes,0.027010372804765325,Q1
Tamil Nadu,2019-05-31, Monthly,0.97,15844698.0,49.44,Rural,2019,5,31,Low,0.0,No,0.009795011612642634,Q1
Tamil Nadu,2019-06-30, Monthly,0.92,16375303.0,50.99,Rural,2019,6,30,Low,3.3487858209730437,No,0.009285425918449738,Q1
Tamil Nadu,2019-07-31, Monthly,6.01,16455928.0,53.94,Rural,2019,7,31,Medium,0.49235730172443315,No,0.0639429726566656,Q2
Tamil Nadu,2019-08-31, Monthly,2.91,16463931.0,52.17,Rural,2019,8,31,Low,0.04863293033368077,No,0.02997219075084973,Q2
Tamil Nadu,2019-09-30, Monthly,1.71,14595441.0,45.62,Rural,2019,9,30,Low,-11.348990711877981,No,0.017397497202156883,Q2
Tamil Nadu,2019-10-31, Monthly,1.46,15595647.0,48.55,Rural,2019,10,31,Low,6.852865905182304,No,0.014816318246397401,Q3
Tamil Nadu,2019-11-30, Monthly,2.46,16223430.0,50.95,Rural,2019,11,30,Low,4.02537323395431,No,0.025220422390814023,Q3
Tamil Nadu,2019-12-31, Monthly,3.73,15356938.0,48.8,Rural,2019,12,31,Low,-5.340991393312022,No,0.03874519580346941,Q3
Tamil Nadu,2020-01-31, Monthly,1.18,14954646.0,46.23,Rural,2020,1,31,Low,-2.619610758342583,No,0.011940902651285164,Q4
Tamil Nadu,2020-02-29, Monthly,1.17,15828488.0,48.86,Rural,2020,2,29,Low,5.843281078000784,No,0.011838510573712435,Q4
Tamil Nadu,2020-03-31, Monthly,6.36,15848590.0,51.56,Rural,2020,3,31,Medium,0.12699886432614438,No,0.06791969243912858,Q4
Tamil Nadu,2020-04-30, Monthly,53.19,5086200.0,33.05,Rural,2020,4,30,Very High,-67.90755518314248,Yes,1.1362956633198034,Q1
Tamil Nadu,2020-05-31, Monthly,38.73,5768342.0,28.6,Rural,2020,5,31,Very High,13.41162360898116,Yes,0.6321201240411294,Q1
Tamil Nadu,2020-06-30, Monthly,2.06,10169115.0,31.49,Rural,2020,6,30,Low,76.29181834225503,Yes,0.021033285685113336,Q1
Tamil Nadu,2019-05-31,Monthly,0.89,11798080.0,37.31,Urban,2019,5,31,Low,0.0,No,0.00897992129956614,Q1
Tamil Nadu,2019-06-30,Monthly,1.56,12318745.0,39.16,Urban,2019,6,30,Low,4.413133323388219,No,0.015847216578626575,Q1
Tamil Nadu,2019-07-31,Monthly,3.18,12054414.0,38.89,Urban,2019,7,31,Low,-2.1457624132977804,No,0.032844453625284036,Q2
Tamil Nadu,2019-08-31,Monthly,9.53,11933093.0,41.13,Urban,2019,8,31,Medium,-1.0064446102481583,No,0.1053387863380126,Q2
Tamil Nadu,2019-09-30,Monthly,1.86,11902824.0,37.76,Urban,2019,9,30,Low,-0.25365594653457,No,0.01895251681271653,Q2
Tamil Nadu,2019-10-31,Monthly,1.13,12223948.0,38.42,Urban,2019,10,31,Low,2.6978807718235576,No,0.011429149388085364,Q3
Tamil Nadu,2019-11-30,Monthly,2.65,11729952.0,37.38,Urban,2019,11,30,Low,-4.041214835010754,No,0.027221366204417053,Q3
Tamil Nadu,2019-12-31,Monthly,8.05,12260389.0,41.29,Urban,2019,12,31,Medium,4.5220730656016395,No,0.08754758020663404,Q3
Tamil Nadu,2020-01-31,Monthly,2.05,11926995.0,37.64,Urban,2020,1,31,Low,-2.7192775041640194,No,0.020929045431342518,Q4
Tamil Nadu,2020-02-29,Monthly,3.31,11742101.0,37.48,Urban,2020,2,29,Low,-1.5502144504965454,No,0.03423311614437895,Q4
Tamil Nadu,2020-03-31,Monthly,6.46,10982178.0,36.17,Urban,2020,3,31,Medium,-6.471780476083455,No,0.06906136412230061,Q4
Tamil Nadu,2020-04-30,Monthly,45.55,4632967.0,26.17,Urban,2020,4,30,Very High,-57.81376881707801,Yes,0.8365472910927455,Q1
Tamil Nadu,2020-05-31,Monthly,25.95,5733921.0,23.77,Urban,2020,5,31,Very High,23.763475975546555,Yes,0.350438892640108,Q1
Tamil Nadu,2020-06-30,Monthly,24.93,7741005.0,31.6,Urban,2020,6,30,High,35.00369119142033,Yes,0.3320900492873318,Q1
Telangana,2019-05-31, Monthly,2.23,11053353.0,61.74,Rural,2019,5,31,Low,0.0,No,0.02280863250485834,Q1
Telangana,2019-06-30, Monthly,5.92,10728822.0,62.19,Rural,2019,6,30,Medium,-2.9360412175382433,No,0.06292517006802721,Q1
Telangana,2019-07-31, Monthly,2.45,11538688.0,64.4,Rural,2019,7,31,Low,7.54850812139487,No,0.02511532547411584,Q2
Telangana,2019-08-31, Monthly,1.4,10743959.0,59.23,Rural,2019,8,31,Low,-6.8875161543496155,No,0.014198782961460446,Q2
Telangana,2019-09-30, Monthly,5.49,12636415.0,72.57,Rural,2019,9,30,Medium,17.614140187988436,No,0.058089091101470744,Q2
Telangana,2019-10-31, Monthly,7.29,11375354.0,66.49,Rural,2019,10,31,Medium,-9.979578859985205,No,0.07863229425088988,Q3
Telangana,2019-11-30, Monthly,6.47,11265828.0,65.17,Rural,2019,11,30,Medium,-0.9628359697641087,No,0.06917566556185181,Q3
Telangana,2019-12-31, Monthly,1.35,11068056.0,60.61,Rural,2019,12,31,Low,-1.7555034570028938,No,0.01368474404460213,Q3
Telangana,2020-01-31, Monthly,5.02,12065915.0,68.51,Rural,2020,1,31,Medium,9.015666346465911,No,0.05285323225942303,Q4
Telangana,2020-02-29, Monthly,9.02,11304474.0,66.92,Rural,2020,2,29,Medium,-6.310677640278417,No,0.09914266871839963,Q4
Telangana,2020-03-31, Monthly,5.63,12028377.0,68.53,Rural,2020,3,31,Medium,6.403685832706585,No,0.059658789869661964,Q4
Telangana,2020-04-30, Monthly,4.51,8793799.0,49.44,Rural,2020,4,30,Low,-26.891225640832506,Yes,0.04723007644779558,Q1
Telangana,2020-05-31, Monthly,34.01,7508747.0,61.0,Rural,2020,5,31,Very High,-14.61316093306204,Yes,0.5153811183512652,Q1
Telangana,2020-06-30, Monthly,19.3,8891181.0,58.97,Rural,2020,6,30,High,18.41098121963625,Yes,0.23915737298636927,Q1
Telangana,2019-05-31,Monthly,1.52,5560649.0,44.59,Urban,2019,5,31,Low,0.0,No,0.015434606011372868,Q1
Telangana,2019-06-30,Monthly,1.43,5683349.0,45.43,Urban,2019,6,30,Low,2.206576966105933,No,0.01450745662980623,Q1
Telangana,2019-07-31,Monthly,3.73,5432503.0,44.36,Urban,2019,7,31,Low,-4.413700443171797,No,0.03874519580346941,Q2
Telangana,2019-08-31,Monthly,4.19,5544693.0,45.39,Urban,2019,8,31,Low,2.065162228166284,No,0.043732387015969106,Q2
Telangana,2019-09-30,Monthly,6.19,5668785.0,47.28,Urban,2019,9,30,Medium,2.238031934319906,No,0.06598443662722525,Q2
Telangana,2019-10-31,Monthly,6.74,5318341.0,44.51,Urban,2019,10,31,Medium,-6.18199490719793,No,0.07227107012652799,Q3
Telangana,2019-11-30,Monthly,5.23,5338119.0,43.87,Urban,2019,11,30,Medium,0.37188288603533515,No,0.05518624037142556,Q3
Telangana,2019-12-31,Monthly,4.22,5317782.0,43.13,Urban,2019,12,31,Low,-0.3809768946702041,No,0.04405930256838588,Q3
Telangana,2020-01-31,Monthly,6.49,5543380.0,45.95,Urban,2020,1,31,Medium,4.24233261160385,No,0.06940434178162763,Q4
Telangana,2020-02-29,Monthly,6.74,5521496.0,45.78,Urban,2020,2,29,Medium,-0.39477719369770403,No,0.07227107012652799,Q4
Telangana,2020-03-31,Monthly,6.1,5313236.0,43.65,Urban,2020,3,31,Medium,-3.7718038734429915,No,0.06496272630457933,Q4
Telangana,2020-04-30,Monthly,10.5,3378431.0,29.05,Urban,2020,4,30,High,-36.41481387237457,Yes,0.11731843575418995,Q1
Telangana,2020-05-31,Monthly,36.57,3108830.0,37.63,Urban,2020,5,31,Very High,-7.980065302502847,Yes,0.5765410688948447,Q1
Telangana,2020-06-30,Monthly,6.92,4577995.0,37.68,Urban,2020,6,30,Medium,47.257810816287794,Yes,0.07434464976364417,Q1
Tripura,2019-05-31, Monthly,29.25,1019549.0,64.47,Rural,2019,5,31,Very High,0.0,No,0.4134275618374558,Q1
Tripura,2019-06-30, Monthly,26.64,1107013.0,67.4,Rural,2019,6,30,Very High,8.578695089691625,No,0.36314067611777534,Q1
Tripura,2019-07-31, Monthly,22.47,1052597.0,60.54,Rural,2019,7,31,High,-4.915570097189459,No,0.2898232942086934,Q2
Tripura,2019-08-31, Monthly,25.49,975501.0,58.29,Rural,2019,8,31,Very High,-7.324360605245883,No,0.34210173131123334,Q2
Tripura,2019-09-30, Monthly,30.23,1034408.0,65.9,Rural,2019,9,30,Very High,6.038640657467287,No,0.4332807797047442,Q2
Tripura,2019-10-31, Monthly,27.54,1113764.0,68.21,Rural,2019,10,31,Very High,7.671634403446226,No,0.380071763731714,Q3
Tripura,2019-11-30, Monthly,25.25,1084633.0,64.29,Rural,2019,11,30,Very High,-2.6155451244608385,No,0.3377926421404682,Q3
Tripura,2019-12-31, Monthly,26.53,1046878.0,63.02,Rural,2019,12,31,Very High,-3.480900913027729,No,0.36109976861303933,Q3
Tripura,2020-01-31, Monthly,31.91,1057975.0,68.61,Rural,2020,1,31,Very High,1.060008902661047,No,0.46864444118079013,Q4
Tripura,2020-02-29, Monthly,26.22,1169347.0,69.88,Rural,2020,2,29,Very High,10.526902809612704,No,0.35538086202222824,Q4
Tripura,2020-03-31, Monthly,31.61,1060946.0,68.28,Rural,2020,3,31,Very High,-9.270216625176275,No,0.4622020763269484,Q4
Tripura,2020-04-30, Monthly,43.64,675083.0,52.63,Rural,2020,4,30,Very High,-36.36971155930651,Yes,0.7743080198722498,Q1
Tripura,2020-05-31, Monthly,14.71,911789.0,46.9,Rural,2020,5,31,High,35.06324407517298,Yes,0.17247039512252318,Q1
Tripura,2020-06-30, Monthly,18.84,1106978.0,59.74,Rural,2020,6,30,High,21.407255406678516,Yes,0.23213405618531296,Q1
Tripura,2019-05-31,Monthly,34.69,423127.0,69.5,Urban,2019,5,31,Very High,0.0,No,0.5311590874291838,Q1
Tripura,2019-06-30,Monthly,25.59,408738.0,58.8,Urban,2019,6,30,Very High,-3.40063385224767,No,0.34390538906061013,Q1
Tripura,2019-07-31,Monthly,25.81,410583.0,59.1,Urban,2019,7,31,Very High,0.45138939858784255,No,0.34789055128723545,Q2
Tripura,2019-08-31,Monthly,33.45,368977.0,59.07,Urban,2019,8,31,Very High,-10.133395683698543,No,0.5026296018031556,Q2
Tripura,2019-09-30,Monthly,33.57,418043.0,66.9,Urban,2019,9,30,Very High,13.297847833333787,No,0.5053439710973957,Q2
Tripura,2019-10-31,Monthly,26.67,414808.0,60.0,Urban,2019,10,31,Very High,-0.7738438390309077,No,0.3636983499249966,Q3
Tripura,2019-11-30,Monthly,27.15,427700.0,62.14,Urban,2019,11,30,Very High,3.1079439162214895,No,0.37268359643102267,Q3
Tripura,2019-12-31,Monthly,33.48,399427.0,63.41,Urban,2019,12,31,Very High,-6.610474631751229,No,0.5033072760072157,Q3
Tripura,2020-01-31,Monthly,34.37,450155.0,72.26,Urban,2020,1,31,Very High,12.700193026510487,No,0.5236934328813043,Q4
Tripura,2020-02-29,Monthly,33.88,415339.0,66.04,Urban,2020,2,29,Very High,-7.73422487809754,No,0.5124016938898972,Q4
Tripura,2020-03-31,Monthly,25.69,450271.0,63.56,Urban,2020,3,31,Very High,8.410479150766005,No,0.34571390122459966,Q4
Tripura,2020-04-30,Monthly,34.88,296431.0,47.65,Urban,2020,4,30,Very High,-34.16609108736739,Yes,0.5356265356265356,Q1
Tripura,2020-05-31,Monthly,16.78,384999.0,48.31,Urban,2020,5,31,High,29.878116661212893,Yes,0.20163422254265803,Q1
Tripura,2020-06-30,Monthly,27.47,391015.0,56.17,Urban,2020,6,30,Very High,1.562601461302493,Yes,0.3787398317937405,Q1
Uttar Pradesh,2019-05-31, Monthly,10.26,43287808.0,39.96,Rural,2019,5,31,High,0.0,No,0.11433028749721418,Q1
Uttar Pradesh,2019-06-30, Monthly,11.13,42276572.0,39.32,Rural,2019,6,30,High,-2.33607578374031,No,0.12523911331157872,Q1
Uttar Pradesh,2019-07-31, Monthly,9.19,42697000.0,38.78,Rural,2019,7,31,Medium,0.994470412596371,No,0.10120030833608633,Q2
Uttar Pradesh,2019-08-31, Monthly,11.47,43298746.0,40.24,Rural,2019,8,31,High,1.4093402346769146,No,0.1295606009262397,Q2
Uttar Pradesh,2019-09-30, Monthly,6.45,44198762.0,38.79,Rural,2019,9,30,Medium,2.07861908979996,No,0.06894708711918761,Q2
Uttar Pradesh,2019-10-31, Monthly,10.18,42833265.0,39.07,Rural,2019,10,31,High,-3.089446260960882,No,0.11333778668448008,Q3
Uttar Pradesh,2019-11-30, Monthly,6.94,43261530.0,38.01,Rural,2019,11,30,Medium,0.999842062004852,No,0.07457554266064904,Q3
Uttar Pradesh,2019-12-31, Monthly,8.43,44640087.0,39.77,Rural,2019,12,31,Medium,3.186565523688145,No,0.09206071857595283,Q3
Uttar Pradesh,2020-01-31, Monthly,6.06,45777509.0,39.67,Rural,2020,1,31,Medium,2.5479833854266554,No,0.0645092612305727,Q4
Uttar Pradesh,2020-02-29, Monthly,8.12,44257432.0,39.13,Rural,2020,2,29,Medium,-3.3205760496928693,No,0.08837614279494993,Q4
Uttar Pradesh,2020-03-31, Monthly,9.37,43086706.0,38.53,Rural,2020,3,31,Medium,-2.645264189752361,No,0.10338739931589981,Q4
Uttar Pradesh,2020-04-30, Monthly,19.92,39970677.0,40.37,Rural,2020,4,30,High,-7.2319963378031265,Yes,0.24875124875124877,Q1
Uttar Pradesh,2020-05-31, Monthly,16.89,38640999.0,37.52,Rural,2020,5,31,High,-3.3266336719790845,Yes,0.203224642040669,Q1
Uttar Pradesh,2020-06-30, Monthly,8.51,41908909.0,36.89,Rural,2020,6,30,Medium,8.457105366245843,Yes,0.09301563012351077,Q1
Uttar Pradesh,2019-05-31,Monthly,14.4,13391244.0,40.43,Urban,2019,5,31,High,0.0,No,0.16822429906542058,Q1
Uttar Pradesh,2019-06-30,Monthly,11.62,13624452.0,39.75,Urban,2019,6,30,High,1.7414961597294498,No,0.13147770988911517,Q1
Uttar Pradesh,2019-07-31,Monthly,11.8,13862431.0,40.43,Urban,2019,7,31,High,1.746705115185554,No,0.13378684807256236,Q2
Uttar Pradesh,2019-08-31,Monthly,14.73,13580241.0,40.87,Urban,2019,8,31,High,-2.0356458401848854,No,0.1727453969743169,Q2
Uttar Pradesh,2019-09-30,Monthly,13.58,13522970.0,40.07,Urban,2019,9,30,High,-0.4217230018230156,No,0.1571395510298542,Q2
Uttar Pradesh,2019-10-31,Monthly,10.35,13938303.0,39.71,Urban,2019,10,31,High,3.0713149552206387,No,0.11544896820970439,Q3
Uttar Pradesh,2019-11-30,Monthly,11.31,14128888.0,40.6,Urban,2019,11,30,High,1.3673472301470202,No,0.12752283233735484,Q3
Uttar Pradesh,2019-12-31,Monthly,12.37,13857200.0,40.21,Urban,2019,12,31,High,-1.9229255692309266,No,0.1411617026132603,Q3
Uttar Pradesh,2020-01-31,Monthly,12.34,13656250.0,39.52,Urban,2020,1,31,High,-1.4501486591807833,No,0.14077116130504222,Q4
Uttar Pradesh,2020-02-29,Monthly,11.65,13803099.0,39.54,Urban,2020,2,29,High,1.0753244851258614,No,0.13186191284663273,Q4
Uttar Pradesh,2020-03-31,Monthly,12.32,13889632.0,40.0,Urban,2020,3,31,High,0.6269099424701663,No,0.14051094890510948,Q4
Uttar Pradesh,2020-04-30,Monthly,26.94,10944379.0,37.74,Urban,2020,4,30,Very High,-21.2046870644233,Yes,0.368738023542294,Q1
Uttar Pradesh,2020-05-31,Monthly,32.06,11111486.0,41.1,Urban,2020,5,31,Very High,1.5268751200959052,Yes,0.4718869590815426,Q1
Uttar Pradesh,2020-06-30,Monthly,13.05,13208724.0,38.09,Urban,2020,6,30,High,18.87450517419542,Yes,0.1500862564692352,Q1
Uttarakhand,2019-05-31, Monthly,1.63,2108044.0,37.47,Rural,2019,5,31,Low,0.0,No,0.016570092507878418,Q1
Uttarakhand,2019-06-30, Monthly,4.65,2021553.0,37.01,Rural,2019,6,30,Low,-4.10290297545971,No,0.048767697954902996,Q1
Uttarakhand,2019-07-31, Monthly,5.74,2000524.0,36.97,Rural,2019,7,31,Medium,-1.040239855200431,No,0.0608953957139826,Q2
Uttarakhand,2019-08-31, Monthly,6.11,1911380.0,35.39,Rural,2019,8,31,Medium,-4.456032519479891,No,0.06507615294493557,Q2
Uttarakhand,2019-09-30, Monthly,3.47,2157845.0,38.79,Rural,2019,9,30,Low,12.894610176940224,No,0.03594737387340723,Q2
Uttarakhand,2019-10-31, Monthly,4.83,2027662.0,36.9,Rural,2019,10,31,Low,-6.03300978522554,No,0.050751287170326786,Q3
Uttarakhand,2019-11-30, Monthly,5.56,2007113.0,36.73,Rural,2019,11,30,Medium,-1.0134332053369888,No,0.058873358746293944,Q3
Uttarakhand,2019-12-31, Monthly,4.52,1947566.0,35.19,Rural,2019,12,31,Low,-2.9667985808472186,No,0.04733975701717637,Q3
Uttarakhand,2020-01-31, Monthly,4.17,1986386.0,35.69,Rural,2020,1,31,Low,1.9932572246588842,No,0.04351455702807054,Q4
Uttarakhand,2020-02-29, Monthly,4.85,2057523.0,37.16,Rural,2020,2,29,Low,3.58122741501401,No,0.05097214923804518,Q4
Uttarakhand,2020-04-30, Monthly,3.66,1972074.0,35.04,Rural,2020,4,30,Low,-4.153003392914689,Yes,0.037990450487855515,Q1
Uttarakhand,2020-05-31, Monthly,3.57,1915482.0,33.94,Rural,2020,5,31,Low,-2.869669190912716,Yes,0.03702167375298143,Q1
Uttarakhand,2020-06-30, Monthly,10.71,1675441.0,32.0,Rural,2020,6,30,High,-12.531623894142573,Yes,0.11994624258035616,Q1
Uttarakhand,2019-05-31,Monthly,9.17,676797.0,26.33,Urban,2019,5,31,Medium,0.0,No,0.10095783331498404,Q1
Uttarakhand,2019-06-30,Monthly,4.69,906889.0,33.54,Urban,2019,6,30,Low,33.997195614046746,No,0.0492078480747036,Q1
Uttarakhand,2019-07-31,Monthly,6.94,859900.0,32.48,Urban,2019,7,31,Medium,-5.181339722942935,No,0.07457554266064904,Q2
Uttarakhand,2019-08-31,Monthly,7.43,823967.0,31.21,Urban,2019,8,31,Medium,-4.178741714152812,No,0.08026358431457276,Q2
Uttarakhand,2019-09-30,Monthly,9.62,711150.0,27.51,Urban,2019,9,30,Medium,-13.691931837075998,No,0.10643947776056649,Q2
Uttarakhand,2019-10-31,Monthly,4.72,925174.0,33.87,Urban,2019,10,31,Low,30.095479153483783,No,0.04953820319059613,Q3
Uttarakhand,2019-11-30,Monthly,6.34,904903.0,33.61,Urban,2019,11,30,Medium,-2.1910473056960145,No,0.0676916506512919,Q3
Uttarakhand,2019-12-31,Monthly,7.39,844779.0,31.65,Urban,2019,12,31,Medium,-6.644248057526603,No,0.0797969981643451,Q3
Uttarakhand,2020-01-31,Monthly,8.92,725253.0,27.55,Urban,2020,1,31,Medium,-14.148789209959055,No,0.09793588054457619,Q4
Uttarakhand,2020-02-29,Monthly,5.28,963408.0,35.11,Urban,2020,2,29,Medium,32.83750635984959,No,0.05574324324324325,Q4
Uttarakhand,2020-03-31,Monthly,8.15,889245.0,33.33,Urban,2020,3,31,Medium,-7.697984654476608,No,0.08873162765378335,Q4
Uttarakhand,2020-04-30,Monthly,13.18,748041.0,29.59,Urban,2020,4,30,High,-15.879088440193645,Yes,0.15180833909237504,Q1
Uttarakhand,2020-05-31,Monthly,17.36,778590.0,32.27,Urban,2020,5,31,High,4.083867060762714,Yes,0.2100677637947725,Q1
Uttarakhand,2020-06-30,Monthly,5.08,989470.0,35.61,Urban,2020,6,30,Medium,27.084858526310374,Yes,0.05351875263379688,Q1
West Bengal,2019-05-31, Monthly,6.02,23452875.0,46.41,Rural,2019,5,31,Medium,0.0,No,0.06405618216641838,Q1
West Bengal,2019-06-30, Monthly,5.85,25543465.0,50.36,Rural,2019,6,30,Medium,8.91400308064576,No,0.06213489113117365,Q1
West Bengal,2019-07-31, Monthly,5.62,24857807.0,48.78,Rural,2019,7,31,Medium,-2.684279521200428,No,0.05954651409196864,Q2
West Bengal,2019-08-31, Monthly,5.58,24924827.0,48.79,Rural,2019,8,31,Medium,0.26961348601668433,No,0.05909764880321965,Q2
West Bengal,2019-09-30, Monthly,5.26,25610773.0,49.87,Rural,2019,9,30,Medium,2.7520592219155704,No,0.055520371543170785,Q2
West Bengal,2019-10-31, Monthly,6.78,24353018.0,48.09,Rural,2019,10,31,Medium,-4.911038803865853,No,0.07273117356790389,Q3
West Bengal,2019-11-30, Monthly,5.83,25630359.0,50.0,Rural,2019,11,30,Medium,5.245103502161408,No,0.06190931294467453,Q3
West Bengal,2019-12-31, Monthly,5.79,24906239.0,48.47,Rural,2019,12,31,Medium,-2.8252432983868814,No,0.06145844390192125,Q3
West Bengal,2020-01-31, Monthly,6.79,24612171.0,48.3,Rural,2020,1,31,Medium,-1.180700145052005,No,0.07284626113077997,Q4
West Bengal,2020-02-29, Monthly,3.78,26093009.0,49.51,Rural,2020,2,29,Low,6.0166898726650375,No,0.03928497193930575,Q4
West Bengal,2020-03-31, Monthly,7.02,25097812.0,49.18,Rural,2020,3,31,Medium,-3.81403693226795,No,0.07550010755001074,Q4
West Bengal,2020-04-30, Monthly,18.32,17639370.0,39.27,Rural,2020,4,30,High,-29.717498879982053,Yes,0.22428991185112634,Q1
West Bengal,2020-05-31, Monthly,18.43,19115772.0,42.53,Rural,2020,5,31,High,8.369924776225002,Yes,0.22594090964815497,Q1
West Bengal,2020-06-30, Monthly,4.94,21225887.0,40.44,Rural,2020,6,30,Low,11.038607281986824,Yes,0.05196717862402693,Q1
West Bengal,2019-05-31,Monthly,7.25,11306177.0,46.37,Urban,2019,5,31,Medium,0.0,No,0.07816711590296496,Q1
West Bengal,2019-06-30,Monthly,7.38,10611498.0,43.51,Urban,2019,6,30,Medium,-6.144243098263891,No,0.0796804145972792,Q1
West Bengal,2019-07-31,Monthly,7.91,10779829.0,44.38,Urban,2019,7,31,Medium,1.5863076070880888,No,0.08589423390161798,Q2
West Bengal,2019-08-31,Monthly,7.27,11456493.0,46.77,Urban,2019,8,31,Medium,6.277131112191103,No,0.07839965491211041,Q2
West Bengal,2019-09-30,Monthly,7.79,11158649.0,45.74,Urban,2019,9,30,Medium,-2.5997833717525953,No,0.08448107580522721,Q2
West Bengal,2019-10-31,Monthly,7.83,10563686.0,43.25,Urban,2019,10,31,Medium,-5.3318551376604795,No,0.08495171964847564,Q3
West Bengal,2019-11-30,Monthly,6.61,10768462.0,43.44,Urban,2019,11,30,Medium,1.9384900308471842,No,0.07077845593746654,Q3
West Bengal,2019-12-31,Monthly,7.24,11335696.0,45.97,Urban,2019,12,31,Medium,5.267548884882545,No,0.07805088400172489,Q3
West Bengal,2020-01-31,Monthly,7.27,11208617.0,45.39,Urban,2020,1,31,Medium,-1.121051587833688,No,0.07839965491211041,Q4
West Bengal,2020-02-29,Monthly,7.55,10871168.0,44.09,Urban,2020,2,29,Medium,-3.010621203311703,No,0.08166576527852892,Q4
West Bengal,2020-03-31,Monthly,6.67,10806105.0,43.34,Urban,2020,3,31,Medium,-0.5984913488596644,No,0.07146683810136076,Q4
West Bengal,2020-04-30,Monthly,15.63,9299466.0,41.2,Urban,2020,4,30,High,-13.942479737148583,Yes,0.18525542254355815,Q1
West Bengal,2020-05-31,Monthly,15.22,9240903.0,40.67,Urban,2020,5,31,High,-0.6297458370190245,Yes,0.1795234725171031,Q1
West Bengal,2020-06-30,Monthly,9.86,9088931.0,37.57,Urban,2020,6,30,Medium,-1.644557896560539,Yes,0.10938540048812957,Q1
